AdrenalineCtrl	0x053172f8	sctrlRebootDevice
AdrenalineCtrl	0x05d8e209	sctrlGetUsbState
AdrenalineCtrl	0x586b8eb9	sctrlSendAdrenalineCmd
AdrenalineCtrl	0x5fc12767	sctrlStopUsb
AdrenalineCtrl	0x80c0ed7b	sctrlStartUsb
AdrenalineCtrl	0xa93cfe9e	sctrlPentazeminConfigure
ArkCtrl	0x65c8280f	sctrlArkIsLauncher
ArkCtrl	0x6eafc03d	sctrlArkSetConfig
ArkCtrl	0x8476e2f1	sctrlArkExitLauncher
ArkCtrl	0xb00b1e55	sctrlArkGetConfig
DcManager	0x109a36fc	SW
DcManager	0x127323a6	dcIdStorageReadLeaf
DcManager	0x1a718513	dcUnregisterPhysicalFormatCallback
DcManager	0x34f3f7fc	dcIdStorageFlush
DcManager	0x3534b9c1	dcKirkCmd
DcManager	0x39d91e83	dcLflashStartFatfmt
DcManager	0x3a3ea355	dcPatchModule
DcManager	0x48ddea84	dcQueryRealMacAddress
DcManager	0x4914b8d1	LW
DcManager	0x4a5fcc2f	dcUnlockNand
DcManager	0x504c82b4	dcWriteNandBlock
DcManager	0x549329df	dcIdStorageWriteLeaf
DcManager	0x741ffcfd	dcGetNandInfo
DcManager	0x767a728e	dcIdStorageUnformat
DcManager	0x7e9128b0	dcEraseNandBlock
DcManager	0x7eb5614a	dcReadNandBlock
DcManager	0x9c87a1c7	dcGetCancelMode
DcManager	0xa22190ce	dcGetHardwareInfo
DcManager	0xa6c4148a	dcSysconReceiveSetParam
DcManager	0xa899d713	dcLflashStartFDisk
DcManager	0xad3509e5	dcRegisterPhysicalFormatCallback
DcManager	0xd298ba53	dcPatchModuleString
DcManager	0xe5f8523d	dcIdStorageCreateAtomicLeaves
DcManager	0xea3f4de5	dcLockNand
DcManager	0xf5161120	dcSetCancelMode
DcManager	0xfe8ea2a0	dcIdStorageFormat
DcManager	0xffaac913	dcIdStorageCreateLeaf
ExceptionManagerForKernel	0x15adc862	sceKernelRegisterNmiHandler
ExceptionManagerForKernel	0x1aa6cffa	sceKernelReleaseExceptionHandler
ExceptionManagerForKernel	0x291ff031	sceKernelReleaseDefaultExceptionHandler
ExceptionManagerForKernel	0x3fb264fc	sceKernelRegisterExceptionHandler
ExceptionManagerForKernel	0x565c0b0e	sceKernelRegisterDefaultExceptionHandler
ExceptionManagerForKernel	0x5a837ad4	sceKernelRegisterPriorityExceptionHandler
ExceptionManagerForKernel	0xb15357c9	sceKernelReleaseNmiHandler
ExceptionManagerForKernel	0xdf83875e	sceKernelGetActiveDefaultExceptionHandler
GraphicsUtility	0x001fdb17	sceGuOffset
GraphicsUtility	0x03a1dd44	sceGumPopMatrix
GraphicsUtility	0x0775ab5e	sceGuContinue
GraphicsUtility	0x0775b6e5	sceGuDrawArray
GraphicsUtility	0x0bd0ecc2	sceGumRotateXYZ
GraphicsUtility	0x0c721d82	sceGuBlendFunc
GraphicsUtility	0x0de343e7	sceGuStencilFunc
GraphicsUtility	0x0eb2f17b	sceGumRotateZ
GraphicsUtility	0x16d96b60	sceGumPushMatrix
GraphicsUtility	0x17668887	sceGuGetMemory
GraphicsUtility	0x20907edd	sceGuLight
GraphicsUtility	0x20e9de73	sceGuLightMode
GraphicsUtility	0x214ae306	sceGumLoadMatrix
GraphicsUtility	0x261c8fe7	sceGuColorMaterial
GraphicsUtility	0x26fad7bc	sceGuDrawBuffer
GraphicsUtility	0x27ac541c	sceGuLogicalOp
GraphicsUtility	0x3072f5a9	sceGuStencilOp
GraphicsUtility	0x39032822	sceGuTexLevelMode
GraphicsUtility	0x39197f63	sceGuViewport
GraphicsUtility	0x3b7d96b7	sceGuClutMode
GraphicsUtility	0x3ce7c3d6	sceGuFog
GraphicsUtility	0x3d87cd5e	sceGuFrontFace
GraphicsUtility	0x3de9344b	sceGuBreak
GraphicsUtility	0x443975e5	sceGuTexFunc
GraphicsUtility	0x550cb5e4	sceGuSwapBuffers
GraphicsUtility	0x554cddd1	sceGumLookAt
GraphicsUtility	0x555a576f	sceGuSetMatrix
GraphicsUtility	0x5e1d9021	sceGuTexEnvColor
GraphicsUtility	0x6314f53b	sceGuSync
GraphicsUtility	0x671b8779	sceGuDrawSprite
GraphicsUtility	0x6bc87dc8	sceGuTexWrap
GraphicsUtility	0x6d942a6d	sceGumPerspective
GraphicsUtility	0x6fb86fd7	sceGuFlush
GraphicsUtility	0x75cda14e	sceGumRotateZYX
GraphicsUtility	0x77de7d58	sceGuFinish
GraphicsUtility	0x79feb9f7	sceGumOrtho
GraphicsUtility	0x7dce41ce	sceGuTexFlush
GraphicsUtility	0x7e0c30a8	sceGuAlphaFunc
GraphicsUtility	0x7e4eef5b	sceGuColor
GraphicsUtility	0x829d6652	sceGuTexSync
GraphicsUtility	0x839bea0b	sceGumStoreMatrix
GraphicsUtility	0x853b6235	sceGumSetCurMatrix
GraphicsUtility	0x8814c3ff	sceGumMatrixMode
GraphicsUtility	0x8a4c9f0f	sceGuTexMode
GraphicsUtility	0x8c480ea0	sceGuSignal
GraphicsUtility	0x8d761180	sceGuScissor
GraphicsUtility	0x8e12c34c	sceGuColorFunc
GraphicsUtility	0x90006f98	sceGumSetMatrixStack
GraphicsUtility	0x933a89c1	sceGuLightColor
GraphicsUtility	0x94cc91ec	sceGuPixelMask
GraphicsUtility	0x95d927b9	sceGuEnable
GraphicsUtility	0x9bed1d27	sceGumRotateY
GraphicsUtility	0x9bfb645d	sceGuDisable
GraphicsUtility	0x9ce77729	sceGuInit
GraphicsUtility	0xa34fc5ef	sceGuTerm
GraphicsUtility	0xa9ff6251	sceGuCopyImage
GraphicsUtility	0xaa1c8c51	sceGuDispBuffer
GraphicsUtility	0xb0da25fe	sceGuDepthRange
GraphicsUtility	0xb2cb81d2	sceGuPatchDivide
GraphicsUtility	0xb4740fab	sceGuDepthBuffer
GraphicsUtility	0xb5450e07	sceGuClear
GraphicsUtility	0xba19e908	sceGuDepthFunc
GraphicsUtility	0xbdacea3f	sceGumRotateX
GraphicsUtility	0xbe6ef948	sceGuClearColor
GraphicsUtility	0xc1b985cd	sceGuMaterial
GraphicsUtility	0xc808f1ac	sceGuTexImage
GraphicsUtility	0xc85d5cad	sceGuTexOffset
GraphicsUtility	0xc8c3db8a	sceGuSpecular
GraphicsUtility	0xcde583af	sceGuTexScale
GraphicsUtility	0xcfa09543	sceGuTexFilter
GraphicsUtility	0xd01c0f35	sceGuDisplay
GraphicsUtility	0xd9432440	sceGuClearDepth
GraphicsUtility	0xe0914bc5	sceGuStart
GraphicsUtility	0xe3579892	sceGuAmbientColor
GraphicsUtility	0xe91c2012	sceGumLoadIdentity
GraphicsUtility	0xeb316921	sceGumDrawArray
GraphicsUtility	0xeb97ca3e	sceGuClearStencil
GraphicsUtility	0xebb77ff0	sceGuShadeModel
GraphicsUtility	0xebf45989	sceGuClutLoad
GraphicsUtility	0xf016705c	sceGuAmbient
GraphicsUtility	0xf696a811	sceGumTranslate
GraphicsUtility	0xf7500449	sceGumScale
InitForKernel	0x040c934b	sceKernelQueryInitCB
InitForKernel	0x1d3256ba	sceKernelRegisterChunk
InitForKernel	0x27932388	sceKernelBootFrom
InitForKernel	0x2c6e9fe9	sceKernelGetChunk
InitForKernel	0x33d30f49	sceKernelShowIntrHandlerInfo
InitForKernel	0x3acccd7e	sceKernelShowIntrHandlerInfo
InitForKernel	0x5238f4cc	sceKernelInitLptSummary
InitForKernel	0x7233b5bc	sceKernelApplicationType
InitForKernel	0x7233b5bc	sceKernelInitKeyConfig
InitForKernel	0x7a2333ad	sceKernelInitApitype
InitForKernel	0x9d33a110	InitForKernel_9D33A110
InitForKernel	0x9f9ae99c	sceKernelSetInitCallback
InitForKernel	0xa18a4a8b	sceKernelInitDiscImage
InitForKernel	0xa6e71b93	sceKernelInitFileName
InitForKernel	0xc4f1ba33	sceKernelStartIntrLogging
InitForKernel	0xcb837ac5	sceKernelShowIntrMaskTime
InitForKernel	0xce88e870	sceKernelReleaseChunk
InitForKernel	0xd83a9bd7	sceKernelInitParamSfo
InitForKernel	0xe444cffc	sceKernelStartIntrLogging
InitForKernel	0xfd0f25ad	sceKernelShowIntrMaskTime
InterruptManager	0x5cb5a78b	sceKernelSuspendSubIntr
InterruptManager	0x7860e0dc	sceKernelResumeSubIntr
InterruptManager	0x8a389411	sceKernelDisableSubIntr
InterruptManager	0xca04a2b9	sceKernelRegisterSubIntrHandler
InterruptManager	0xd2e8363f	QueryIntrHandlerInfo
InterruptManager	0xd61e6961	sceKernelReleaseSubIntrHandler
InterruptManager	0xeee43f47	sceKernelRegisterUserSpaceIntrStack
InterruptManager	0xfb8e22ec	sceKernelEnableSubIntr
InterruptManager	0xfc4374b8	sceKernelIsSubInterruptOccurred
InterruptManagerForKernel	0x00b6b0f3	QueryInterruptManCB
InterruptManagerForKernel	0x02314986	sceKernelCpuEnableIntr
InterruptManagerForKernel	0x02475aaf	sceKernelIsInterruptOccurred
InterruptManagerForKernel	0x02ac50d5	InterruptManagerForKernel_02AC50D5
InterruptManagerForKernel	0x092968f4	sceKernelCpuSuspendIntr
InterruptManagerForKernel	0x0c5f7ae3	sceKernelCallSubIntrHandler
InterruptManagerForKernel	0x0e224d66	SupportIntr
InterruptManagerForKernel	0x0fc68a56	sceKernelSetPrimarySyscallHandler
InterruptManagerForKernel	0x1373f20e	InterruptManagerForKernel_1373F20E
InterruptManagerForKernel	0x14d4c61a	sceKernelRegisterSystemCallTable
InterruptManagerForKernel	0x15894d0b	InterruptManagerForKernel_15894D0B
InterruptManagerForKernel	0x19596cd3	ReleaseSubIntrruptMonitor
InterruptManagerForKernel	0x201a1a19	InterruptManagerForKernel_201A1A19
InterruptManagerForKernel	0x2412f096	sceKernelSuspendIntr
InterruptManagerForKernel	0x272766f8	sceKernelRegisterDebuggerIntrHandler
InterruptManagerForKernel	0x27bc9a45	UnSupportIntr
InterruptManagerForKernel	0x2980ae03	sceKernelResumeSubIntr
InterruptManagerForKernel	0x2cd783a1	RegisterContextHooks
InterruptManagerForKernel	0x2dc9709b	_sceKernelGetCpuClockCounterLow
InterruptManagerForKernel	0x2f3c4dcd	InterruptManagerForKernel_2F3C4DCD
InterruptManagerForKernel	0x30c08374	sceKernelGetCpuClockCounter
InterruptManagerForKernel	0x35634a64	sceKernelGetCpuClockCounterWide
InterruptManagerForKernel	0x3b84732d	sceKernelCpuResumeIntrWithSync
InterruptManagerForKernel	0x4023e1a7	sceKernelDisableSubIntr
InterruptManagerForKernel	0x4351dd4e	sceKernelIsSubInterruptOccured
InterruptManagerForKernel	0x43a7bbdc	InterruptManagerForKernel_43A7BBDC
InterruptManagerForKernel	0x43cd40ef	ReturnToThread
InterruptManagerForKernel	0x468bc716	sceKernelGetInterruptExitCount
InterruptManagerForKernel	0x494d6d2b	sceKernelResumeIntr
InterruptManagerForKernel	0x4d6e7305	sceKernelEnableIntr
InterruptManagerForKernel	0x53991063	InterruptManagerForKernel_53991063
InterruptManagerForKernel	0x551097f2	SaveThreadContext
InterruptManagerForKernel	0x55242a8b	ReleaseContextHooks
InterruptManagerForKernel	0x55d18836	sceKernelSetPrimarySyscallHandler
InterruptManagerForKernel	0x58dd8978	sceKernelRegisterIntrHandler
InterruptManagerForKernel	0x5cb5a78b	sceKernelSuspendSubIntr
InterruptManagerForKernel	0x5f10d406	sceKernelCpuResumeIntr
InterruptManagerForKernel	0x6042aee0	SaveThreadContext
InterruptManagerForKernel	0x68b5ca51	sceKernelQueryIntrHandlerInfo
InterruptManagerForKernel	0x6dda4d7b	QueryInterruptManCB
InterruptManagerForKernel	0x6fcba912	sceKernelReleaseDebuggerIntrHandler
InterruptManagerForKernel	0x750e2507	sceKernelSuspendIntr
InterruptManagerForKernel	0x7860e0dc	sceKernelResumeSubIntr
InterruptManagerForKernel	0x8357e7fa	UnSupportIntr
InterruptManagerForKernel	0x85f7766d	SaveThreadContext
InterruptManagerForKernel	0x8a389411	sceKernelDisableSubIntr
InterruptManagerForKernel	0x8b61808b	sceKernelQuerySystemCall
InterruptManagerForKernel	0x8dfbd787	sceKernelGetUserIntrStack
InterruptManagerForKernel	0xa0f88036	sceKernelGetSyscallRA
InterruptManagerForKernel	0xa1b88367	sceKernelSetUserModeIntrHanlerAcceptable
InterruptManagerForKernel	0xa4c1c627	sceKernelClearIntrLogging
InterruptManagerForKernel	0xa6978b70	InterruptManagerForKernel_A6978B70
InterruptManagerForKernel	0xab1fc793	sceKernelSetIntrLogging
InterruptManagerForKernel	0xaf799f96	sceKernelCallUserIntrHandler
InterruptManagerForKernel	0xb386a459	sceKernelReleaseDebuggerIntrHandler
InterruptManagerForKernel	0xb5a15b30	sceKernelSetIntrLevel
InterruptManagerForKernel	0xb941600e	sceKernelSetIntrLevel
InterruptManagerForKernel	0xc495f536	sceKernelSuspendSubIntr
InterruptManagerForKernel	0xca04a2b9	sceKernelRegisterSubIntrHandler
InterruptManagerForKernel	0xcd36eb65	sceKernelGetUserIntrStack
InterruptManagerForKernel	0xcdc86b64	sceKernelCallSubIntrHandler
InterruptManagerForKernel	0xd2e8363f	QueryIntrHandlerInfo
InterruptManagerForKernel	0xd61e6961	sceKernelReleaseSubIntrHandler
InterruptManagerForKernel	0xd6878eb6	sceKernelGetUserIntrStack
InterruptManagerForKernel	0xd774ba45	sceKernelDisableIntr
InterruptManagerForKernel	0xdb14cbe0	sceKernelResumeIntr
InterruptManagerForKernel	0xdb9a5496	ReleaseContextHooks
InterruptManagerForKernel	0xdbd52a5d	RegisterSubIntrruptMonitor
InterruptManagerForKernel	0xe6fb16e3	_sceKernelGetCpuClockCounterLow
InterruptManagerForKernel	0xe790eaed	RegisterContextHooks
InterruptManagerForKernel	0xe9e652a9	_sceKernelGetCpuClockCounterHigh
InterruptManagerForKernel	0xf153b371	sceKernelQuerySystemCall
InterruptManagerForKernel	0xf2f1e983	sceKernelIsInterruptOccurred
InterruptManagerForKernel	0xf4454e44	sceKernelCallUserIntrHandler
InterruptManagerForKernel	0xf4d443f3	sceKernelRegisterSystemCallTable
InterruptManagerForKernel	0xf987b1f0	sceKernelReleaseIntrHandler
InterruptManagerForKernel	0xf9e06df1	sceKernelGetCpuClockCounterWide
InterruptManagerForKernel	0xfb8e22ec	sceKernelEnableSubIntr
InterruptManagerForKernel	0xfc4374b8	sceKernelIsSubInterruptOccurred
InterruptManagerForKernel	0xfd6b9cab	InterruptManagerForKernel_FD6B9CAB
InterruptManagerForKernel	0xfe28c6d9	sceKernelIsIntrContext
InterruptManagerForKernel	0xffa8b183	sceKernelRegisterSubIntrHandler
IoFileMgrForKernel	0x06a70004	sceIoMkdir
IoFileMgrForKernel	0x08bd7374	sceIoGetDevType
IoFileMgrForKernel	0x0facab19	sceIoWriteAsync
IoFileMgrForKernel	0x109f50bc	sceIoOpen
IoFileMgrForKernel	0x1117c65f	sceIoRmdir
IoFileMgrForKernel	0x1b385d8f	sceIoLseek32Async
IoFileMgrForKernel	0x27eb27b8	sceIoLseek
IoFileMgrForKernel	0x3251ea56	sceIoPollAsync
IoFileMgrForKernel	0x35dbd746	sceIoWaitAsyncCB
IoFileMgrForKernel	0x3c54e908	sceIoReopen
IoFileMgrForKernel	0x411106ba	sceIoGetThreadCwd
IoFileMgrForKernel	0x42ec03ac	sceIoWrite
IoFileMgrForKernel	0x54f5fb11	sceIoDevctl
IoFileMgrForKernel	0x55f4717d	sceIoChdir
IoFileMgrForKernel	0x63632449	sceIoIoctl
IoFileMgrForKernel	0x68963324	sceIoLseek32
IoFileMgrForKernel	0x6a638d83	sceIoRead
IoFileMgrForKernel	0x6d08a871	sceIoUnassign
IoFileMgrForKernel	0x71b19e77	sceIoLseekAsync
IoFileMgrForKernel	0x779103a0	sceIoRename
IoFileMgrForKernel	0x810c4bc3	sceIoClose
IoFileMgrForKernel	0x89aa9906	sceIoOpenAsync
IoFileMgrForKernel	0x8e982a74	sceIoAddDrv
IoFileMgrForKernel	0xa0b5a7c2	sceIoReadAsync
IoFileMgrForKernel	0xa12a0514	sceIoSetAsyncCallback
IoFileMgrForKernel	0xa905b705	sceIoCloseAll
IoFileMgrForKernel	0xab96437f	sceIoSync
IoFileMgrForKernel	0xace946e8	sceIoGetstat
IoFileMgrForKernel	0xb293727f	sceIoChangeAsyncPriority
IoFileMgrForKernel	0xb29ddf9c	sceIoDopen
IoFileMgrForKernel	0xb2a628c1	sceIoAssign
IoFileMgrForKernel	0xb8a740f4	sceIoChstat
IoFileMgrForKernel	0xc7f35804	sceIoDelDrv
IoFileMgrForKernel	0xcb05f8d6	sceIoGetAsyncStat
IoFileMgrForKernel	0xcb0a151f	sceIoChangeThreadCwd
IoFileMgrForKernel	0xe23eec33	sceIoWaitAsync
IoFileMgrForKernel	0xe3eb004c	sceIoDread
IoFileMgrForKernel	0xe8bc6571	sceIoCancel
IoFileMgrForKernel	0xe95a012b	sceIoIoctlAsync
IoFileMgrForKernel	0xeb092469	sceIoDclose
IoFileMgrForKernel	0xf27a9c51	sceIoRemove
IoFileMgrForKernel	0xff5940b6	sceIoCloseAsync
IoFileMgrForUser	0x06a70004	sceIoMkdir
IoFileMgrForUser	0x08bd7374	sceIoGetDevType
IoFileMgrForUser	0x0facab19	sceIoWriteAsync
IoFileMgrForUser	0x109f50bc	sceIoOpen
IoFileMgrForUser	0x1117c65f	sceIoRmdir
IoFileMgrForUser	0x1b385d8f	sceIoLseek32Async
IoFileMgrForUser	0x27eb27b8	sceIoLseek
IoFileMgrForUser	0x3251ea56	sceIoPollAsync
IoFileMgrForUser	0x35dbd746	sceIoWaitAsyncCB
IoFileMgrForUser	0x42ec03ac	sceIoWrite
IoFileMgrForUser	0x54f5fb11	sceIoDevctl
IoFileMgrForUser	0x55f4717d	sceIoChdir
IoFileMgrForUser	0x63632449	sceIoIoctl
IoFileMgrForUser	0x68963324	sceIoLseek32
IoFileMgrForUser	0x6a638d83	sceIoRead
IoFileMgrForUser	0x6d08a871	sceIoUnassign
IoFileMgrForUser	0x71b19e77	sceIoLseekAsync
IoFileMgrForUser	0x779103a0	sceIoRename
IoFileMgrForUser	0x810c4bc3	sceIoClose
IoFileMgrForUser	0x89aa9906	sceIoOpenAsync
IoFileMgrForUser	0xa0b5a7c2	sceIoReadAsync
IoFileMgrForUser	0xa12a0514	sceIoSetAsyncCallback
IoFileMgrForUser	0xab96437f	sceIoSync
IoFileMgrForUser	0xace946e8	sceIoGetstat
IoFileMgrForUser	0xb293727f	sceIoChangeAsyncPriority
IoFileMgrForUser	0xb29ddf9c	sceIoDopen
IoFileMgrForUser	0xb2a628c1	sceIoAssign
IoFileMgrForUser	0xb8a740f4	sceIoChstat
IoFileMgrForUser	0xcb05f8d6	sceIoGetAsyncStat
IoFileMgrForUser	0xe23eec33	sceIoWaitAsync
IoFileMgrForUser	0xe3eb004c	sceIoDread
IoFileMgrForUser	0xe8bc6571	sceIoCancel
IoFileMgrForUser	0xe95a012b	sceIoIoctlAsync
IoFileMgrForUser	0xeb092469	sceIoDclose
IoFileMgrForUser	0xf27a9c51	sceIoRemove
IoFileMgrForUser	0xff5940b6	sceIoCloseAsync
KDebugForKernel	0x24c32559	KDebugForKernel_24C32559
KDebugForKernel	0x2ff4e9f9	sceKernelAssert
KDebugForKernel	0x333dcec7	KDebugForKernel_333DCEC7
KDebugForKernel	0x5282dd5e	KDebugForKernel_5282DD5E
KDebugForKernel	0x5ce9838b	sceKernelDebugWrite
KDebugForKernel	0x66253c4e	sceKernelRegisterDebugWrite
KDebugForKernel	0x7ceb2c09	sceKernelRegisterKprintfHandler
KDebugForKernel	0x7d1c74f0	sceKernelDebugEchoSet
KDebugForKernel	0x84f370bc	Kprintf
KDebugForKernel	0x9b868276	sceKernelGetDebugPutchar
KDebugForKernel	0x9f8703e4	KDebugForKernel_9F8703E4
KDebugForKernel	0xa126f497	KDebugForKernel_A126F497
KDebugForKernel	0xb7251823	KDebugForKernel_B7251823
KDebugForKernel	0xb9c643c9	sceKernelDebugEcho
KDebugForKernel	0xd636b827	sceKernelRemoveByDebugSection
KDebugForKernel	0xdbb5597f	sceKernelDebugRead
KDebugForKernel	0xe146606d	sceKernelRegisterDebugPutchar
KDebugForKernel	0xe6554fda	sceKernelRegisterDebugRead
KDebugForKernel	0xe7a3874d	sceKernelRegisterAssertHandler
KDebugForKernel	0xe892d9a1	KDebugForKernel_E892D9A1
KUBridge	0x0e73a39d	kuKernelPokew
KUBridge	0x1742445f	kuKernelInitFileName
KUBridge	0x1e9f0498	kuKernelLoadModuleWithApitype2
KUBridge	0x219de4d2	kuKernelIcacheInvalidateAll
KUBridge	0x24331850	kuKernelGetModel
KUBridge	0x4b321167	kuKernelFindModuleByName
KUBridge	0x4c25ea72	kuKernelLoadModule
KUBridge	0x501e983d	kuKernelInitMode
KUBridge	0x5c6c3dba	kuKernelCallExtendStack
KUBridge	0x60ddb4ae	kuKernelBootFrom
KUBridge	0x6b4b577f	kuKernelMemcpy
KUBridge	0x7a50075e	kuKernelPeekw
KUBridge	0x8e5a4057	kuKernelInitApitype
KUBridge	0x9060f69d	kuKernelCall
KUBridge	0xa2abb6d3	kuKernelGetUserLevel
KUBridge	0xb0b8824e	kuKernelInitKeyConfig
KUBridge	0xc4af12ab	kuKernelSetDdrMemoryProtection
KUBridge	0xcc5f0398	kuKernelFindModuleByAddress
KUBridge	0xd0d05a5b	kuKernelGetUmdFile
Kernel_Library	0x092968f4	sceKernelCpuSuspendIntr
Kernel_Library	0x15b6446b	sceKernelUnlockLwMutex
Kernel_Library	0x3b84732d	sceKernelCpuResumeIntrWithSync
Kernel_Library	0x47a0b729	sceKernelIsCpuIntrSuspended
Kernel_Library	0x5f10d406	sceKernelCpuResumeIntr
Kernel_Library	0xb55249d2	sceKernelIsCpuIntrEnable
Kernel_Library	0xbea46419	sceKernelLockLwMutex
Kernel_Library	0xdc692ee3	sceKernelTryLockLwMutex
LflashFatfmt	0xb7a424a4	sceLflashFatfmtStartFatfmt
LoadCoreForKernel	0x001b57bb	sceKernelDeleteModule
LoadCoreForKernel	0x0295cfce	sceKernelUnlinkLibraryEntries
LoadCoreForKernel	0x0b464512	sceKernelReleaseLibrary
LoadCoreForKernel	0x0de1f600	sceKernelLinkLibraryEntriesForUser
LoadCoreForKernel	0x0e760dba	sceKernelLinkLibraryEntries
LoadCoreForKernel	0x1915737f	sceKernelMaskLibraryEntries
LoadCoreForKernel	0x1999032f	sceKernelLoadCoreLock
LoadCoreForKernel	0x1c394885	sceKernelLoadExecutableObject
LoadCoreForKernel	0x2952f5ac	sceKernelDcacheWBinvAll
LoadCoreForKernel	0x2c44f793	sceKernelCreateModule
LoadCoreForKernel	0x2c60ccb8	sceKernelRegisterLibraryForUser
LoadCoreForKernel	0x37e6f41b	sceKernelGetModuleIdListForKernel
LoadCoreForKernel	0x3fe631f0	sceKernelGetModuleListWithAlloc
LoadCoreForKernel	0x40972e6e	sceKernelFindModuleByUID
LoadCoreForKernel	0x410084f9	sceKernelGetModuleGPByAddressForKernel
LoadCoreForKernel	0x41d10899	sceKernelProbeExecutableObject
LoadCoreForKernel	0x44b292ab	sceKernelAllocModule
LoadCoreForKernel	0x48af96a9	sceKernelRegisterLibrary
LoadCoreForKernel	0x493ee781	sceKernelLoadModuleBootLoadCore
LoadCoreForKernel	0x538129f8	sceKernelCanReleaseLibrary
LoadCoreForKernel	0x54ab2675	sceKernelApplyPspRelSection
LoadCoreForKernel	0x5873a31f	sceKernelRegisterLibraryForUser
LoadCoreForKernel	0x5fddb07a	sceKernelSegmentChecksum
LoadCoreForKernel	0x616fcccd	LoadCoreForKernel_616FCCCD
LoadCoreForKernel	0x696594c8	sceKernelQueryLoadCoreCB
LoadCoreForKernel	0x6b2371c2	sceKernelDeleteModule
LoadCoreForKernel	0x6ecfffba	sceKernelLinkLibraryEntriesForUser
LoadCoreForKernel	0x7068e6ba	sceKernelLoadExecutableObject
LoadCoreForKernel	0x7320d964	sceKernelModuleAssign
LoadCoreForKernel	0x74cf001a	sceKernelReleaseModule
LoadCoreForKernel	0x7be1421c	sceKernelCheckExecFile
LoadCoreForKernel	0x82ce54ed	sceKernelModuleCount
LoadCoreForKernel	0x84d5c971	sceKernelCreateAssignModule
LoadCoreForKernel	0x8eae9534	sceKernelLinkLibraryEntries
LoadCoreForKernel	0x99a695f0	sceKernelRegisterLibrary
LoadCoreForKernel	0x9baf90f6	sceKernelCanReleaseLibrary
LoadCoreForKernel	0xa481e30e	sceKernelLinkLibraryEntriesWithModule
LoadCoreForKernel	0xace23476	sceKernelCheckPspConfig
LoadCoreForKernel	0xae7c6e76	sceKernelRegisterModule
LoadCoreForKernel	0xb17f5075	sceKernelReleaseModule
LoadCoreForKernel	0xb27cc244	sceKernelLoadRebootBin
LoadCoreForKernel	0xb4d6fecc	sceKernelApplyElfRelSection
LoadCoreForKernel	0xb6c037ea	sceKernelLoadCoreUnlock
LoadCoreForKernel	0xbc99c625	sceKernelFindModuleByAddress
LoadCoreForKernel	0xbd61d4d5	sceKernelFreeModule
LoadCoreForKernel	0xbf2e388c	sceKernelRegisterModule
LoadCoreForKernel	0xbf983ef2	sceKernelProbeExecutableObject
LoadCoreForKernel	0xc0584f0c	sceKernelGetModuleList
LoadCoreForKernel	0xc8ff5ee5	sceKernelLoadCoreMode
LoadCoreForKernel	0xc99dd47a	sceKernelQueryLoadCoreCB
LoadCoreForKernel	0xcb636a90	sceKernelReleaseLibrary
LoadCoreForKernel	0xcce4a157	sceKernelFindModuleByUID
LoadCoreForKernel	0xcd0f3bac	sceKernelCreateModule
LoadCoreForKernel	0xcd26e0ca	sceKernelGetModuleFromUID
LoadCoreForKernel	0xcf8a41b1	sceKernelFindModuleByName
LoadCoreForKernel	0xd3353ec4	sceKernelCheckExecFile
LoadCoreForKernel	0xd8779ac6	sceKernelIcacheClearAll
LoadCoreForKernel	0xda1b09aa	sceKernelUnLinkLibraryEntries
LoadCoreForKernel	0xf32a2940	sceKernelModuleFromUID
LoadCoreForKernel	0xf3dd4808	sceKernelAssignModule
LoadCoreForKernel	0xf6b1bf0f	sceKernelFindModuleByName
LoadCoreForKernel	0xf976ef41	sceKernelSetBootCallbackLevel
LoadCoreForKernel	0xfb8ae27d	sceKernelFindModuleByAddress
LoadCoreForKernel	0xfc47f93a	sceKernelCheckPspConfig
LoadExecForKernel	0x015da036	sceKernelLoadExecBufferVSHUsbWlan
LoadExecForKernel	0x05572a5f	sceKernelExitGame
LoadExecForKernel	0x061d9514	sceKernelLoadExecVSHMs4
LoadExecForKernel	0x11412288	LoadExecForKernel_11412288
LoadExecForKernel	0x1b97bdb3	sceKernelLoadExecVSHDisc
LoadExecForKernel	0x28d0d249	sceKernelLoadExecVSHMs2
LoadExecForKernel	0x2ac9954b	sceKernelExitGameWithStatus
LoadExecForKernel	0x31df42bf	sceKernelLoadExecVSHMs1
LoadExecForKernel	0x4ac57943	sceKernelRegisterExitCallback
LoadExecForKernel	0x4d5c75be	sceKernelLoadExecFromHost
LoadExecForKernel	0x4f41e75e	sceKernelLoadExecBufferVSHUsbWlanDebug
LoadExecForKernel	0x62a27008	sceKernelInvokeExitCallback
LoadExecForKernel	0x62c459e1	sceKernelLoadExecBufferVSHPlain
LoadExecForKernel	0x659188e1	sceKernelCheckExitCallback
LoadExecForKernel	0x6d302d3d	sceKernelExitVSHKernel
LoadExecForKernel	0x70901231	sceKernelLoadExecVSHMs3
LoadExecForKernel	0x71a1d738	sceKernelLoadExecBufferPlain
LoadExecForKernel	0x7b7c47ef	sceKernelLoadExecVSHDiscDebug
LoadExecForKernel	0x821be114	sceKernelLoadExecVSHDiscUpdater
LoadExecForKernel	0x918782e8	sceKernelLoadExecBufferVSHFromHost
LoadExecForKernel	0xa3d5e142	sceKernelExitVSHVSH
LoadExecForKernel	0xac085b9e	sceKernelLoadExecVSHFromHost
LoadExecForKernel	0xb7ab08da	sceKernelLoadExecVSHMs5
LoadExecForKernel	0xbb28e9b7	sceKernelLoadExecBufferPlain0
LoadExecForKernel	0xbd2f1094	sceKernelLoadExec
LoadExecForKernel	0xd9739b89	sceKernelUnregisterExitCallback
LoadExecForUser	0x05572a5f	sceKernelExitGame
LoadExecForUser	0x2ac9954b	sceKernelExitGameWithStatus
LoadExecForUser	0x4ac57943	sceKernelRegisterExitCallback
LoadExecForUser	0xbd2f1094	sceKernelLoadExec
ModuleMgrForKernel	0x04b7bd22	sceKernelSearchModuleByName
ModuleMgrForKernel	0x12f99392	sceKernelSearchModuleByAddress
ModuleMgrForKernel	0x1cf0b794	sceKernelLoadModuleBufferBootInitBtcnf
ModuleMgrForKernel	0x1cffc5de	sceKernelModuleMgrMode
ModuleMgrForKernel	0x22bdbeff	sceKernelQueryModuleInfo
ModuleMgrForKernel	0x23425e93	sceKernelLoadModuleVSHPlain
ModuleMgrForKernel	0x253aa17c	sceKernelLoadModuleBufferForExitVSHKernel
ModuleMgrForKernel	0x2b7fc10d	sceKernelLoadModuleWithApitype2
ModuleMgrForKernel	0x2c4f270d	sceKernelLoadModuleForLoadExecVSHDiscDebug
ModuleMgrForKernel	0x2e0911aa	sceKernelUnloadModule
ModuleMgrForKernel	0x2f3f9b6a	sceKernelLoadModuleBufferUsbWlan
ModuleMgrForKernel	0x303fab7f	sceKernelGetModuleIdList
ModuleMgrForKernel	0x30727524	sceKernelLoadModuleNpDrm
ModuleMgrForKernel	0x387e3ca9	sceKernelUnloadModule
ModuleMgrForKernel	0x3ff74df1	sceKernelStartModule
ModuleMgrForKernel	0x433d5287	sceKernelGetModuleIdByAddress
ModuleMgrForKernel	0x437214ae	sceKernelLoadModuleWithApitype
ModuleMgrForKernel	0x4493e013	sceKernelLoadModuleDeci
ModuleMgrForKernel	0x4e38ea1d	sceKernelLoadModuleBufferForRebootKernel
ModuleMgrForKernel	0x4e62c48a	sceKernelLoadModuleBufferForKernel
ModuleMgrForKernel	0x4e8a2c9d	sceKernelLoadModuleMs5
ModuleMgrForKernel	0x50f0c1ec	sceKernelStartModule
ModuleMgrForKernel	0x54d9e02e	sceKernelSearchModuleByAddress
ModuleMgrForKernel	0x57f4b35e	ModuleMgrForKernel_57F4B35E
ModuleMgrForKernel	0x5805c1ca	sceKernelSelfStopUnloadModule
ModuleMgrForKernel	0x5f0cc575	sceKernelRebootBeforeForUser
ModuleMgrForKernel	0x5fc32087	sceKernelLoadModuleByIDBootInitConfig
ModuleMgrForKernel	0x5fc3b3da	sceKernelRebootBeforeForKernel
ModuleMgrForKernel	0x61e3ec69	sceKernelLoadModuleBufferForExitGame
ModuleMgrForKernel	0x644395e2	sceKernelGetModuleIdList
ModuleMgrForKernel	0x710f61b5	sceKernelLoadModuleMs
ModuleMgrForKernel	0x748cbed9	sceKernelQueryModuleInfo
ModuleMgrForKernel	0x76f0e956	sceKernelLoadModuleMs4
ModuleMgrForKernel	0x7bd53193	sceKernelLoadModuleMs2
ModuleMgrForKernel	0x853a6c16	sceKernelLoadModuleForLoadExecVSHDiscEmu
ModuleMgrForKernel	0x8dd336d4	ModuleMgrForKernel_8DD336D4
ModuleMgrForKernel	0x91b87fae	sceKernelLoadModuleVSHByID
ModuleMgrForKernel	0x9236b422	sceKernelLoadModuleBufferForExitVSHVSH
ModuleMgrForKernel	0x939e4270	sceKernelLoadModuleForKernel
ModuleMgrForKernel	0x955d6cb2	sceKernelLoadModuleBootInitBtcnf
ModuleMgrForKernel	0x977de386	sceKernelLoadModule
ModuleMgrForKernel	0x99bffdb8	ModuleMgrForKernel_99BFFDB8
ModuleMgrForKernel	0x9b7102e2	sceKernelRebootPhaseForKernel
ModuleMgrForKernel	0xa40ec254	sceKernelSetNpDrmGetModuleKeyFunction
ModuleMgrForKernel	0xa4370e7c	sceKernelLoadModuleVSH
ModuleMgrForKernel	0xabe84f8a	sceKernelLoadModuleBufferWithApitype
ModuleMgrForKernel	0xb49ffb9e	sceKernelRebootBeforeForKernel
ModuleMgrForKernel	0xb7f46618	sceKernelLoadModuleByID
ModuleMgrForKernel	0xba889c07	sceKernelLoadModuleBuffer
ModuleMgrForKernel	0xc13e2de5	sceKernelLoadModuleBufferUsbWlanDebug
ModuleMgrForKernel	0xc2a5e6ca	ModuleMgrForKernel_C2A5E6CA
ModuleMgrForKernel	0xc3ddabef	sceKernelNpDrmGetModuleKey
ModuleMgrForKernel	0xc6de0b9c	sceKernelLoadModuleBufferVSH
ModuleMgrForKernel	0xcab06d30	sceKernelGetModuleId
ModuleMgrForKernel	0xcae8e169	sceKernelLoadModuleForLoadExecVSHDiscUpdater
ModuleMgrForKernel	0xcba02988	sceKernelLoadModuleVSHByID
ModuleMgrForKernel	0xcc1d3699	sceKernelStopUnloadSelfModule
ModuleMgrForKernel	0xcc873dfa	sceKernelRebootBeforeForUser
ModuleMgrForKernel	0xce0a74a5	sceKernelLoadModuleForLoadExecVSHDisc
ModuleMgrForKernel	0xd1ff982a	sceKernelStopModule
ModuleMgrForKernel	0xd4ee2d26	sceKernelLoadModuleToBlock
ModuleMgrForKernel	0xd5ddab1f	sceKernelLoadModuleVSH
ModuleMgrForKernel	0xd60ab6cc	sceKernelLoadModuleMs3
ModuleMgrForKernel	0xd675ebb8	sceKernelSelfStopUnloadModule
ModuleMgrForKernel	0xd86dd11b	sceKernelSearchModuleByName
ModuleMgrForKernel	0xdb08b7ff	ModuleMgrForKernel_DB08B7FF
ModuleMgrForKernel	0xe5d6087b	sceKernelStopModule
ModuleMgrForKernel	0xe8422026	sceKernelLoadModuleMs6
ModuleMgrForKernel	0xe8b9d19d	sceKernelLoadModuleBufferBootInitConfig
ModuleMgrForKernel	0xe97e0db7	sceKernelStopUnloadSelfModule
ModuleMgrForKernel	0xee6e8f49	sceKernelStopUnloadSelfModuleWithStatus
ModuleMgrForKernel	0xeec2a745	sceKernelLoadModuleByID
ModuleMgrForKernel	0xf0cac59e	sceKernelLoadModuleBufferVSH
ModuleMgrForKernel	0xf7c7febc	sceKernelLoadModuleBootInitConfig
ModuleMgrForKernel	0xf9275d98	sceKernelLoadModuleBufferUsbWlan
ModuleMgrForKernel	0xfe61f16d	sceKernelLoadModuleMs1
ModuleMgrForUser	0x2e0911aa	sceKernelUnloadModule
ModuleMgrForUser	0x50f0c1ec	sceKernelStartModule
ModuleMgrForUser	0x644395e2	sceKernelGetModuleIdList
ModuleMgrForUser	0x710f61b5	sceKernelLoadModuleMs
ModuleMgrForUser	0x748cbed9	sceKernelQueryModuleInfo
ModuleMgrForUser	0x977de386	sceKernelLoadModule
ModuleMgrForUser	0xb7f46618	sceKernelLoadModuleByID
ModuleMgrForUser	0xcc1d3699	sceKernelStopUnloadSelfModule
ModuleMgrForUser	0xd1ff982a	sceKernelStopModule
ModuleMgrForUser	0xd675ebb8	sceKernelSelfStopUnloadModule
ModuleMgrForUser	0xd8b73127	sceKernelGetModuleIdByAddress
ModuleMgrForUser	0xf9275d98	sceKernelLoadModuleBufferUsbWlan
ScePaf	0x22420cc7	strrchr
ScePaf	0x4ce9c8d7	strpbrk
ScePaf	0x4cf09ba2	strcmp
ScePaf	0x5e909060	malloc
ScePaf	0x706abbff	strncpy
ScePaf	0x726dfba9	strcpy
ScePaf	0x7b7133d5	snprintf
ScePaf	0x98ba1d0b	strcat
ScePaf	0xa138a376	sprintf
ScePaf	0xa4b8a4e3	strtoul
ScePaf	0xaf067fa2	wcslen
ScePaf	0xb4652cfe	memcpy
ScePaf	0xc3b2d310	strchr
ScePaf	0xd7dcb972	strlen
ScePaf	0xd9e2d6e1	memset
ScePaf	0xdb1612f1	free
ScePaf	0xe0b32ae8	strncmp
StdioForKernel	0x11a5127a	fdgets
StdioForKernel	0x172d316e	sceKernelStdin
StdioForKernel	0x2ccf071a	fdprintf
StdioForKernel	0x36b23b8b	fdputs
StdioForKernel	0x4f78930a	fdputc
StdioForKernel	0x7e338487	getchar
StdioForKernel	0x98220f3e	sceKernelStdoutReopen
StdioForKernel	0xa6bab2e9	sceKernelStdout
StdioForKernel	0xbff7e760	gets
StdioForKernel	0xcab439df	printf
StdioForKernel	0xd2b2a2a7	fdgetc
StdioForKernel	0xd768752a	putchar
StdioForKernel	0xd97c8cb9	puts
StdioForKernel	0xf78ba90a	sceKernelStderr
StdioForKernel	0xfb5380c5	sceKernelStderrReopen
StdioForUser	0x0cbb0571	sceKernelStdioLseek
StdioForUser	0x172d316e	sceKernelStdin
StdioForUser	0x3054d478	sceKernelStdioRead
StdioForUser	0x924aba61	sceKernelStdioOpen
StdioForUser	0x9d061c19	sceKernelStdioClose
StdioForUser	0xa3b931db	sceKernelStdioWrite
StdioForUser	0xa46785c9	sceKernelStdioSendChar
StdioForUser	0xa6bab2e9	sceKernelStdout
StdioForUser	0xf78ba90a	sceKernelStderr
SysMemForKernel	0x00154b6d	sceKernelSysMemMaxFreeMemSize
SysMemForKernel	0x0115b0f8	sceKernelPartitionTotalFreeMemSize
SysMemForKernel	0x01810023	sceKernelHeapTotalFreeSize
SysMemForKernel	0x03072750	sceKernelSysMemMaxFreeMemSize
SysMemForKernel	0x034129fb	sceKernelCreateUIDtype
SysMemForKernel	0x07c586a1	sceKernelGetModel
SysMemForKernel	0x0a34c078	sceKernelCreateUID
SysMemForKernel	0x13ee28da	SysMemForKernel_13EE28DA
SysMemForKernel	0x13f4a0de	sceKernelPartitionMaxFreeMemSize
SysMemForKernel	0x1404c1aa	sceKernelSetUmdCacheOn
SysMemForKernel	0x181065ab	sceKernelMemcpy
SysMemForKernel	0x1890be9c	sceKernelSysMemMemSize
SysMemForKernel	0x1a726c89	sceKernelSetGprofFunction
SysMemForKernel	0x1ab50974	sceKernelJointMemoryBlock
SysMemForKernel	0x1c1fbfe7	sceKernelCreateHeap
SysMemForKernel	0x1c221a08	sceKernelGetUIDname
SysMemForKernel	0x1c4b1713	SysMemForKernel_1C4B1713
SysMemForKernel	0x1e6bb8e8	sceKernelMemoryExtendSize
SysMemForKernel	0x1ecab5c4	sceKernelDeleteUIDtype
SysMemForKernel	0x21487e5b	sceKernelLookupUIDFunction
SysMemForKernel	0x22a114dc	sceKernelMemset32
SysMemForKernel	0x235c2646	sceKernelCallUIDObjCommonFunction
SysMemForKernel	0x237dbd4f	sceKernelAllocPartitionMemory
SysMemForKernel	0x23d81675	sceKernelAllocHeapMemory
SysMemForKernel	0x26f96157	sceKernelSysMemDump
SysMemForKernel	0x2a3e5280	sceKernelQueryMemoryInfo
SysMemForKernel	0x2a8b8b2d	SysMemForKernel_2A8B8B2D
SysMemForKernel	0x2db687e9	sceKernelIsValidHeap
SysMemForKernel	0x2e3402cc	sceKernelRenameUID
SysMemForKernel	0x2f3b7611	SysMemForKernel_2F3B7611
SysMemForKernel	0x2f808748	SysMemForKernel_2F808748
SysMemForKernel	0x310802a9	sceKernelRegisterGetIdFunc
SysMemForKernel	0x35170484	sceKernelMemoryOpenSize
SysMemForKernel	0x361f0f88	sceKernelDeleteUID
SysMemForKernel	0x36c503a9	sceKernelGetSystemStatus
SysMemForKernel	0x3905d956	sceKernelSysMemCheckCtlBlk
SysMemForKernel	0x39357f07	sceKernelGetUIDtype
SysMemForKernel	0x3e384043	sceKernelPrintUidListAll
SysMemForKernel	0x3ec451eb	sceKernelGetUIDname
SysMemForKernel	0x3fc9ae6a	sceKernelDevkitVersion
SysMemForKernel	0x40b744a4	SysMemForKernel_40B744A4
SysMemForKernel	0x41ffc7f9	sceKernelGetUIDcontrolBlockWithType
SysMemForKernel	0x43e0a861	sceKernelGetQTGP3
SysMemForKernel	0x44bdf332	sceKernelGetUIDcontrolBlockWithType
SysMemForKernel	0x452e3696	SysMemForKernel_452E3696
SysMemForKernel	0x45332d44	sceKernelSysMemTotalFreeMemSize
SysMemForKernel	0x474ca24f	sceKernelGetQTGP2
SysMemForKernel	0x476b244f	sceKernelQueryLowheapInfo
SysMemForKernel	0x476f687a	sceKernelSetCompilerVersion
SysMemForKernel	0x4972f9d1	sceKernelGetAllowReplaceUmd
SysMemForKernel	0x4a325aa0	sceKernelGetInitialRandomValue
SysMemForKernel	0x521ac5a4	sceKernelSetSystemStatus
SysMemForKernel	0x5367923c	sceKernelCallUIDObjFunction
SysMemForKernel	0x536ad5e1	SysMemForKernel_536AD5E1
SysMemForKernel	0x53d50ac2	sceKernelPartitionTotalMemSize
SysMemForKernel	0x55a40b2c	sceKernelQueryMemoryPartitionInfo
SysMemForKernel	0x55bfd686	sceKernelSearchUIDbyName
SysMemForKernel	0x57fa5af4	sceKernelGetSysMemoryInfo
SysMemForKernel	0x58148f07	sceKernelCreateHeap
SysMemForKernel	0x5ebe73de	sceKernelJointMemoryBlock
SysMemForKernel	0x5fe712e9	sceKernelCallGcovFunction
SysMemForKernel	0x621037f5	sceKernelSysMemDumpTail
SysMemForKernel	0x636c953b	sceKernelAllocHeapMemory
SysMemForKernel	0x6373995d	sceKernelGetModel
SysMemForKernel	0x6c1dcd41	sceKernelCallUIDFunction
SysMemForKernel	0x6cd838ec	sceKernelLookupUIDFunction
SysMemForKernel	0x6d6200dd	sceKernelSysMemDumpBlock
SysMemForKernel	0x6d9e2dd6	sceKernelSysMemRealMemorySize
SysMemForKernel	0x6e4f9f62	sceKernelGetCompilerVersion
SysMemForKernel	0x7158ce7e	sceKernelAllocPartitionMemory
SysMemForKernel	0x757eac7d	sceKernelCallUIDFunction
SysMemForKernel	0x7591c7db	sceKernelSetCompiledSdkVersion
SysMemForKernel	0x79bd1975	sceKernelQueryHeapInfo
SysMemForKernel	0x7a7cd7bc	sceKernelMemoryShrinkSize
SysMemForKernel	0x7b3e7441	SysMemForKernel_7B3E7441
SysMemForKernel	0x7b749390	sceKernelFreeHeapMemory
SysMemForKernel	0x7be95fa0	sceKernelHoldUID
SysMemForKernel	0x7d50ce82	sceKernelCallUIDObjFunction
SysMemForKernel	0x7dda0e01	sceKernelHoldUID
SysMemForKernel	0x7ff2f35a	sceKernelSetUmdData
SysMemForKernel	0x807179e7	SysMemForKernel_807179E7
SysMemForKernel	0x80f25772	sceKernelIsValidUserAccess
SysMemForKernel	0x811bed79	sceKernelSysMemTotalFreeMemSize
SysMemForKernel	0x82cca14f	sceKernelQueryMemoryBlockInfo
SysMemForKernel	0x82d3cee3	SysMemForKernel_82D3CEE3
SysMemForKernel	0x83b5226d	sceKernelSetDdrMemoryProtection
SysMemForKernel	0x845310cf	sceKernelApiEvaluationReport
SysMemForKernel	0x87c2ab85	sceKernelFreeHeapMemory
SysMemForKernel	0x89a74008	sceKernelCreateUID
SysMemForKernel	0x8ae776af	sceKernelMemset
SysMemForKernel	0x8e742787	sceKernelSizeLockMemoryBlock
SysMemForKernel	0x8f20c4c0	sceKernelDeleteUID
SysMemForKernel	0x915ef4ac	SysMemForKernel_915EF4AC
SysMemForKernel	0x95f5e8da	SysMemForKernel_95F5E8DA
SysMemForKernel	0x960b888c	SysMemForKernel_960B888C
SysMemForKernel	0x9697cd32	sceKernelPartitionTotalFreeMemSize
SysMemForKernel	0x96a3ce2c	sceKernelSetRebootKernel
SysMemForKernel	0x982a4779	sceKernelSetDNAS
SysMemForKernel	0x9b20acef	sceKernelMemmoveWithFill
SysMemForKernel	0x9bac123d	sceKernelMemmove
SysMemForKernel	0x9d9a5ba1	sceKernelGetBlockHeadAddr
SysMemForKernel	0x9e5b1acb	sceKernelSetQTGP2
SysMemForKernel	0x9f205d3e	sceKernelGetUIDtype
SysMemForKernel	0xa03cb480	sceKernelSetQTGP2
SysMemForKernel	0xa089eca4	sceKernelMemset
SysMemForKernel	0xa0a9185a	SysMemUserForUser_D8DE5C1E
SysMemForKernel	0xa291f107	sceKernelMaxFreeMemSize
SysMemForKernel	0xa2a65f0e	sceKernelFillFreeBlock
SysMemForKernel	0xa7622297	sceKernelRenameUID
SysMemForKernel	0xa823047e	sceKernelHeapTotalFreeSize
SysMemForKernel	0xac12f678	sceKernelGetUidmanCB
SysMemForKernel	0xad09c397	sceKernelCreateUIDtypeInherit
SysMemForKernel	0xb0ca8a4e	sceKernelReleaseUID
SysMemForKernel	0xb2163aa1	sceKernelGetHeapTypeCB
SysMemForKernel	0xb2c7aa36	sceKernelSetDdrMemoryProtection
SysMemForKernel	0xb4f00cb5	sceKernelGetCompiledSdkVersion
SysMemForKernel	0xb6d61d02	sceKernelFreePartitionMemory
SysMemForKernel	0xb9b7281a	sceKernelCopyGameInfo
SysMemForKernel	0xbd5941b4	sceKernelSysmemIsValidAccess
SysMemForKernel	0xbfd53fb7	sceKernelGetDNAS
SysMemForKernel	0xbfe08689	SysMemForKernel_BFE08689
SysMemForKernel	0xc1a26c6f	sceKernelFreePartitionMemory
SysMemForKernel	0xc4d3a378	sceKernelGetAWeDramSaveSize
SysMemForKernel	0xc4eeaf20	sceKernelQueryMemoryPartitionInfo
SysMemForKernel	0xc5ec364c	sceKernelApiEvaluationInit
SysMemForKernel	0xc886b169	sceKernelDevkitVersion
SysMemForKernel	0xc90b0992	sceKernelGetUIDcontrolBlock
SysMemForKernel	0xc9805775	sceKernelDeleteHeap
SysMemForKernel	0xcc31dead	sceKernelMemset
SysMemForKernel	0xcda3a2f7	SysMemForKernel_CDA3A2F7
SysMemForKernel	0xce05ccb7	SysMemForKernel_CE05CCB7
SysMemForKernel	0xce5544f4	sceKernelResizeMemoryBlock
SysMemForKernel	0xcf4de78c	sceKernelGetUIDcontrolBlock
SysMemForKernel	0xd0c1460d	sceKernelGetId
SysMemForKernel	0xd1bab054	sceKernelDeleteUIDtype
SysMemForKernel	0xd222daa7	sceKernelCreateUIDtypeInherit
SysMemForKernel	0xd3ca555c	sceKernelGetMEeDramSaveSize
SysMemForKernel	0xdd6512d0	sceKernelDeleteHeap
SysMemForKernel	0xdfaebd5b	sceKernelIsHold
SysMemForKernel	0xe0eb8cbe	sceKernelGetAWeDramSaveAddr
SysMemForKernel	0xe13ddc87	sceKernelIsHold
SysMemForKernel	0xe3f9c38e	sceKernelSearchUIDbyName
SysMemForKernel	0xe400fdb0	sceKernelSysMemInit
SysMemForKernel	0xe5fb2ee5	sceKernelMemoryCloseSize
SysMemForKernel	0xe6581468	sceKernelPartitionMaxFreeMemSize
SysMemForKernel	0xe73fbc0b	sceKernelRebootKernel
SysMemForKernel	0xe7a3f4d5	sceKernelCallGprofFunction
SysMemForKernel	0xe860be8f	sceKernelQueryMemoryBlockInfo
SysMemForKernel	0xea1cabf1	sceKernelFillFreeBlock
SysMemForKernel	0xeb4c0e1b	sceKernelQueryBlockSize
SysMemForKernel	0xeb7a74db	sceKernelAllocHeapMemoryWithOption
SysMemForKernel	0xee867074	sceKernelSizeLockMemoryBlock
SysMemForKernel	0xef29061c	sceKernelGetGameInfo
SysMemForKernel	0xefeebac7	SysMemForKernel_EFEEBAC7
SysMemForKernel	0xeff0c6dd	SysMemForKernel_EFF0C6DD
SysMemForKernel	0xf12a62f7	sceKernelGetBlockHeadAddr
SysMemForKernel	0xf19ba38d	sceKernelSetAllowReplaceUmd
SysMemForKernel	0xf2284ecc	sceKernelAllocHeapMemoryWithOption
SysMemForKernel	0xf3bdb718	sceKernelSetParamSfo
SysMemForKernel	0xf5153060	sceKernelRegisterApiEvaluation
SysMemForKernel	0xf5228c40	sceKernelGetSysmemIdList
SysMemForKernel	0xf6c10e27	sceKernelGetSysMemoryInfo
SysMemForKernel	0xf7e78b33	sceKernelSeparateMemoryBlock
SysMemForKernel	0xf8f54a95	sceKernelApiEvaliationAddData
SysMemForKernel	0xfaf29f34	sceKernelQueryMemoryInfo
SysMemForKernel	0xfb5beb66	sceKernelResizeMemoryBlock
SysMemForKernel	0xfc114573	sceKernelGetCompiledSdkVersion
SysMemForKernel	0xfc207849	SysMemForKernel_FC207849
SysMemForKernel	0xfc639a2b	sceKernelSetQTGP3
SysMemForKernel	0xfd15d334	sceKernelSetGcovFunction
SysMemForKernel	0xfdbdeb5c	sceKernelSysMemMemSize
SysMemForKernel	0xfdc97d28	sceKernelGetMEeDramSaveAddr
SysMemForKernel	0xfe3cf2bc	sceKernelGetUsersystemLibWork
SysMemForKernel	0xfe8debe0	sceKernelReleaseUID
SysMemForKernel	0xfefc8666	sceKernelCreateUIDtype
SysMemForKernel	0xffc63884	sceKernelIsKindOf
SysMemUserForUser	0x13a5abef	sceKernelPrintf
SysMemUserForUser	0x237dbd4f	sceKernelAllocPartitionMemory
SysMemUserForUser	0x3fc9ae6a	sceKernelDevkitVersion
SysMemUserForUser	0x7591c7db	sceKernelSetCompiledSdkVersion
SysMemUserForUser	0x9d9a5ba1	sceKernelGetBlockHeadAddr
SysMemUserForUser	0xa291f107	sceKernelMaxFreeMemSize
SysMemUserForUser	0xb6d61d02	sceKernelFreePartitionMemory
SysMemUserForUser	0xf919f628	sceKernelTotalFreeMemSize
SysMemUserForUser	0xfc114573	sceKernelGetCompiledSdkVersion
SysTimerForKernel	0x228edae4	sceSTimerGetCount
SysTimerForKernel	0x4a01f9d3	sceSTimerStopCount
SysTimerForKernel	0x53231a15	sceSTimerSetTMCY
SysTimerForKernel	0x54bb5db4	sceSTimerResetCount
SysTimerForKernel	0x975d8e84	sceSTimerSetHandler
SysTimerForKernel	0xa95143e2	sceSTimerStartCount
SysTimerForKernel	0xb53534b4	sceSTimerSetPrscl
SysTimerForKernel	0xc105cf38	sceSTimerFree
SysTimerForKernel	0xc99073e3	sceSTimerAlloc
SysclibForKernel	0x097049bd	bcopy
SysclibForKernel	0x0d188658	strstr
SysclibForKernel	0x0dfb7b6c	strpbrk
SysclibForKernel	0x10f3bb61	memset
SysclibForKernel	0x1493ebd9	wmemset
SysclibForKernel	0x18fe80db	longjmp
SysclibForKernel	0x1ab53a58	strtok_r
SysclibForKernel	0x1d83f344	atob
SysclibForKernel	0x243665ed	rindex
SysclibForKernel	0x32c767f2	look_ctype_table
SysclibForKernel	0x3ec5bbf6	tolower
SysclibForKernel	0x476fd94a	strcat
SysclibForKernel	0x47dd934d	strtol
SysclibForKernel	0x4c0e0274	strrchr
SysclibForKernel	0x52df196c	strlen
SysclibForKernel	0x5e8e5f42	SysclibForKernel___umoddi3
SysclibForKernel	0x5e8e5f42	__umoddi3
SysclibForKernel	0x62ae052f	strspn
SysclibForKernel	0x68a78817	memchr
SysclibForKernel	0x6a7900e1	strtoul
SysclibForKernel	0x7661e728	sprintf
SysclibForKernel	0x7ab35214	strncmp
SysclibForKernel	0x7dee14de	SysclibForKernel___udivdi3
SysclibForKernel	0x7dee14de	__udivdi3
SysclibForKernel	0x7f8a6f23	bcmp
SysclibForKernel	0x81d0d1f7	memcmp
SysclibForKernel	0x86fefce9	bzero
SysclibForKernel	0x87c78fb6	prnt
SysclibForKernel	0x87f8d2da	strtok
SysclibForKernel	0x89b79cb1	strcspn
SysclibForKernel	0x8af6b8f8	SysclibForKernel_8AF6B8F8
SysclibForKernel	0x909c228b	setjmp
SysclibForKernel	0x90c5573d	strnlen
SysclibForKernel	0xa48d2592	memmove
SysclibForKernel	0xab7592ff	memcpy
SysclibForKernel	0xb1dc2ae8	strchr
SysclibForKernel	0xb49a7697	strncpy
SysclibForKernel	0xc0ab8932	strcmp
SysclibForKernel	0xc2145e80	snprintf
SysclibForKernel	0xce2f7487	toupper
SysclibForKernel	0xd1cd40e5	index
SysclibForKernel	0xd3d1a3b9	strncat
SysclibForKernel	0xd887cacd	get_ctype_table
SysclibForKernel	0xdf17f4a2	SysclibForKernel___udivmoddi4
SysclibForKernel	0xdf17f4a2	__udivmoddi4
SysclibForKernel	0xec6f1cf2	strcpy
SysclibForUser	0x097049bd	bcopy
SysclibForUser	0x0d188658	strstr
SysclibForUser	0x0dfb7b6c	strpbrk
SysclibForUser	0x10f3bb61	memset
SysclibForUser	0x1493ebd9	wmemset
SysclibForUser	0x1ab53a58	strtok_r
SysclibForUser	0x1d83f344	atob
SysclibForUser	0x37dd934d	strtol10
SysclibForUser	0x3ec5bbf6	tolower
SysclibForUser	0x476fd94a	strcat
SysclibForUser	0x47dd934d	strtol
SysclibForUser	0x4c0e0274	strrchr
SysclibForUser	0x4c0fe24c	user_malloc
SysclibForUser	0x52df196c	strlen
SysclibForUser	0x5abf13f5	strncpy_s
SysclibForUser	0x5e8e5f42	__umoddi3
SysclibForUser	0x62ae052f	strspn
SysclibForUser	0x68a78817	memchr
SysclibForUser	0x6a7900e1	strtoul
SysclibForUser	0x7661e728	sprintf
SysclibForUser	0x7ab35214	strncmp
SysclibForUser	0x7dee14de	__udivdi3
SysclibForUser	0x7f8a6f23	bcmp
SysclibForUser	0x81d0d1f7	memcmp
SysclibForUser	0x86fefce9	bzero
SysclibForUser	0x87f8d2da	strtok
SysclibForUser	0x89b79cb1	strcspn
SysclibForUser	0x90c5573d	strnlen
SysclibForUser	0x983b00fb	lowerString
SysclibForUser	0xa48d2592	memmove
SysclibForUser	0xa65e8bc4	user_free
SysclibForUser	0xab7592ff	memcpy
SysclibForUser	0xac7554df	strncasecmp
SysclibForUser	0xb19c939a	user_memalign
SysclibForUser	0xb1dc2ae8	strchr
SysclibForUser	0xb49a7697	strncpy
SysclibForUser	0xbc7554df	strcasecmp
SysclibForUser	0xc0ab8932	strcmp
SysclibForUser	0xc2145e80	snprintf
SysclibForUser	0xce2f7487	toupper
SysclibForUser	0xd3d1a3b9	strncat
SysclibForUser	0xdf17f4a2	__udivmoddi4
SysclibForUser	0xec6f1cf2	strcpy
SysclibForUser	0xefb593c9	strncat_s
SystemCtrlForKernel	0x02bfcb5f	sctrlHENPatchSyscall
SystemCtrlForKernel	0x053fac1d	sctrlKernelBootFrom
SystemCtrlForKernel	0x07232ea5	sctrlHENRegisterHomebrewLoader
SystemCtrlForKernel	0x0796385f	sctrlGetSfoPARAM
SystemCtrlForKernel	0x1090a2e1	sctrlHENGetVersion
SystemCtrlForKernel	0x128112c3	sctrlKernelSetInitFileName
SystemCtrlForKernel	0x159af5cc	sctrlHENFindFunction
SystemCtrlForKernel	0x16100529	LZ4_decompress_fast
SystemCtrlForKernel	0x162dc9fc	sctrlExitToLauncher
SystemCtrlForKernel	0x16c3b7ee	sctrlSEGetConfig
SystemCtrlForKernel	0x17691875	sctrlFlushCache
SystemCtrlForKernel	0x18b687a6	sctrlHENGetRebootexConfig
SystemCtrlForKernel	0x1c90becb	sctrlHENSetStartModuleHandler
SystemCtrlForKernel	0x1dddad0c	sctrlSESetConfig
SystemCtrlForKernel	0x1f3037fb	sctrlHENRegisterMDecryptHandler
SystemCtrlForKernel	0x221400a6	sctrlSetStartModuleExtra
SystemCtrlForKernel	0x22a45db7	sctrlHENIsToolKit
SystemCtrlForKernel	0x23833651	sctrlGetThreadUIDByName
SystemCtrlForKernel	0x259b51ce	sctrlSetCustomStartModule
SystemCtrlForKernel	0x2794ccf4	sctrlKernelExitVSH
SystemCtrlForKernel	0x287c1e4f	sctrlPatchExitGame
SystemCtrlForKernel	0x2a199efe	oe_memalign
SystemCtrlForKernel	0x2a868045	sctrlModuleTextAddr
SystemCtrlForKernel	0x2ba770cd	sctrlKernelSetUMDEmuFile
SystemCtrlForKernel	0x2d10fb28	sctrlKernelLoadExecVSHWithApitype
SystemCtrlForKernel	0x2e2935ef	sctrlHENIsDevhook
SystemCtrlForKernel	0x2f157baf	sctrlSEApplyConfig
SystemCtrlForKernel	0x2f46829b	sctrlHENFindFirstBEQ
SystemCtrlForKernel	0x31c6160d	sctrlSESetDiscType
SystemCtrlForKernel	0x32677dd3	sctrlKernelResolveNid
SystemCtrlForKernel	0x39df1c8b	sctrlHENFindImport
SystemCtrlForKernel	0x46268461	sctrlHENFindFunctionInMod
SystemCtrlForKernel	0x512e0cd8	sctrlSEUmountUmd
SystemCtrlForKernel	0x5328b431	sctrlHENGetMinorVersion
SystemCtrlForKernel	0x557f0b8c	sctrlGetInitTextAddr
SystemCtrlForKernel	0x56ceaf00	sctrlKernelQuerySystemCall
SystemCtrlForKernel	0x577af198	sctrlKernelLoadExecVSHDisc
SystemCtrlForKernel	0x5a35c948	sctrlSESetUmdFile
SystemCtrlForKernel	0x5cb025f0	sctrlSESetBootConfFileIndex
SystemCtrlForKernel	0x603ee1d0	sctrlKernelSetNidResolver
SystemCtrlForKernel	0x62cac4cf	sctrlPatchModule
SystemCtrlForKernel	0x646fe67f	sctrlHENSetLoadRebootOverrideHandler
SystemCtrlForKernel	0x6a5f76b5	sctrlHENRegisterLLEHandler
SystemCtrlForKernel	0x6f515cdc	sctrlHENFindRefInGlobals
SystemCtrlForKernel	0x70b92b45	sctrlSEGetBootConfFileIndex
SystemCtrlForKernel	0x72f29a6e	sctrlGetInitTextAddr
SystemCtrlForKernel	0x72f47790	sctrlHookImportByNID
SystemCtrlForKernel	0x745286d1	sctrlHENSetMemory
SystemCtrlForKernel	0x75643fca	sctrlKernelLoadExecVSHMs1
SystemCtrlForKernel	0x76c382ff	lzo1x_decompress
SystemCtrlForKernel	0x78e46415	sctrlHENFindDriver
SystemCtrlForKernel	0x79553cce	sctrlExitGameMenu
SystemCtrlForKernel	0x7b369596	sctrlKernelLoadExecVSHMs3
SystemCtrlForKernel	0x7f5fbfcc	sctrlHENMakeSyscallStub
SystemCtrlForKernel	0x826668e9	sctrlHENPatchSyscall
SystemCtrlForKernel	0x85b520c6	sctrlSEMountUmdFromFile
SystemCtrlForKernel	0x8b2d99e4	sctrlHENApplyMemory
SystemCtrlForKernel	0x8c8606fd	sctrlIsLoadingPlugins
SystemCtrlForKernel	0x8d5be1f0	sctrlKernelSetInitApitype
SystemCtrlForKernel	0x8e426f09	sctrlSEGetConfigEx
SystemCtrlForKernel	0x94fe5e4b	sctrlKernelLoadExecVSHDiscUpdater
SystemCtrlForKernel	0x99c088a5	sctrlExitToRecovery
SystemCtrlForKernel	0x9efde773	sctrlFindImportByNID
SystemCtrlForKernel	0xa65e8bc4	sctrlKernelFree
SystemCtrlForKernel	0xaba7f1b0	sctrlKernelLoadExecVSHMs2
SystemCtrlForKernel	0xabef849b	sctrlSEGetDiscType
SystemCtrlForKernel	0xac0e84d1	sctrlHENRegisterKDecryptHandler
SystemCtrlForKernel	0xac56b90b	GetUmdFile
SystemCtrlForKernel	0xad4d5ea5	sctrlSESetConfigEx
SystemCtrlForKernel	0xad9849fe	sctrlKernelMsIsEf
SystemCtrlForKernel	0xaf22d576	sctrlKernelLoadExecVSHEf2
SystemCtrlForKernel	0xb364fbb4	sctrlKernelRand
SystemCtrlForKernel	0xb47c9d77	sctrlSEGetVersion
SystemCtrlForKernel	0xb64186d0	SetUmdFile
SystemCtrlForKernel	0xba21998e	sctrlSEGetUmdFile
SystemCtrlForKernel	0xbbf21f64	sctrlSEGetUmdFileEx
SystemCtrlForKernel	0xbc939dc1	sctrlSESetBootConfFileIndex
SystemCtrlForKernel	0xc4d88d50	sctrlHENIsSystemBooted
SystemCtrlForKernel	0xc68f9ef8	sctrlHENFindJALGeneric
SystemCtrlForKernel	0xcb76b778	sctrlKernelSetInitKeyConfig
SystemCtrlForKernel	0xcc9adcf8	sctrlHENSetSpeed
SystemCtrlForKernel	0xce0a654e	sctrlHENLoadModuleOnReboot
SystemCtrlForKernel	0xcf817542	sctrlSESetUmdFileEx
SystemCtrlForKernel	0xd339e2e9	sctrlHENIsSE
SystemCtrlForKernel	0xd67e7551	sctrlSEGetConfigInternal
SystemCtrlForKernel	0xd690750f	sctrlKernelLoadExecVSHMs4
SystemCtrlForKernel	0xd888f867	sctrlGetMemoryPartition
SystemCtrlForKernel	0xd8ff9b99	sctrlKernelSetDevkitVersion
SystemCtrlForKernel	0xdb39a3ec	sctrlHENHijackFunction
SystemCtrlForKernel	0xdcdc3891	sctrlHENSetRebootexOverride
SystemCtrlForKernel	0xdf306cfc	sctrlHENFindImportInMod
SystemCtrlForKernel	0xe5acccd1	sctrlMsCacheInit
SystemCtrlForKernel	0xe6b0f656	sctrlHENFindImport
SystemCtrlForKernel	0xeb74fe45	sctrlKernelSetUserLevel
SystemCtrlForKernel	0xf9584cad	sctrlKernelMalloc
SystemCtrlForKernel	0xf988c1dc	sctrlHENPatchSyscall
SystemCtrlForKernel	0xfac22931	sctrlHENFindImportLib
SystemCtrlForKernel	0xfce44fb8	sctrlGetInitPARAM
SystemCtrlForKernel	0xfd6e46ec	sctrlHENGetSpeed
SystemCtrlForKernel	0xffefa034	sctrlSESetDiscOut
SystemCtrlForUser	0x053fac1d	sctrlKernelBootFrom
SystemCtrlForUser	0x0796385f	sctrlGetSfoPARAM
SystemCtrlForUser	0x1090a2e1	sctrlHENGetVersion
SystemCtrlForUser	0x128112c3	sctrlKernelSetInitFileName
SystemCtrlForUser	0x159af5cc	sctrlHENFindFunction
SystemCtrlForUser	0x16100529	LZ4_decompress_fast
SystemCtrlForUser	0x162dc9fc	sctrlExitToLauncher
SystemCtrlForUser	0x16c3b7ee	sctrlSEGetConfig
SystemCtrlForUser	0x17691875	sctrlFlushCache
SystemCtrlForUser	0x1c90becb	sctrlHENSetStartModuleHandler
SystemCtrlForUser	0x1dddad0c	sctrlSESetConfig
SystemCtrlForUser	0x22a45db7	sctrlHENIsTestingTool
SystemCtrlForUser	0x22a45db7	sctrlHENIsToolKit
SystemCtrlForUser	0x23833651	sctrlGetThreadUIDByName
SystemCtrlForUser	0x2794ccf4	sctrlKernelExitVSH
SystemCtrlForUser	0x287c1e4f	sctrlPatchExitGame
SystemCtrlForUser	0x2a868045	sctrlModuleTextAddr
SystemCtrlForUser	0x2ba770cd	sctrlKernelSetUMDEmuFile
SystemCtrlForUser	0x2d10fb28	sctrlKernelLoadExecVSHWithApitype
SystemCtrlForUser	0x2e2935ef	sctrlHENIsDevhook
SystemCtrlForUser	0x2f46829b	sctrlHENFindFirstBEQ
SystemCtrlForUser	0x31c6160d	sctrlSESetDiscType
SystemCtrlForUser	0x32677dd3	sctrlKernelResolveNid
SystemCtrlForUser	0x46268461	sctrlHENFindFunctionInMod
SystemCtrlForUser	0x512e0cd8	sctrlSEUmountUmd
SystemCtrlForUser	0x5328b431	sctrlHENGetMinorVersion
SystemCtrlForUser	0x56ceaf00	sctrlKernelQuerySystemCall
SystemCtrlForUser	0x577af198	sctrlKernelLoadExecVSHDisc
SystemCtrlForUser	0x5a35c948	sctrlSESetUmdFile
SystemCtrlForUser	0x5cb025f0	sctrlSESetBootConfFileIndex
SystemCtrlForUser	0x5d665044	sctrlGzipDecompress
SystemCtrlForUser	0x603ee1d0	sctrlKernelSetNidResolver
SystemCtrlForUser	0x62cac4cf	sctrlPatchModule
SystemCtrlForUser	0x6f515cdc	sctrlHENFindRefInGlobals
SystemCtrlForUser	0x70b92b45	sctrlSEGetBootConfFileIndex
SystemCtrlForUser	0x72f47790	sctrlHookImportByNID
SystemCtrlForUser	0x745286d1	sctrlHENSetMemory
SystemCtrlForUser	0x75643fca	sctrlKernelLoadExecVSHMs1
SystemCtrlForUser	0x76c382ff	lzo1x_decompress
SystemCtrlForUser	0x78e46415	sctrlHENFindDriver
SystemCtrlForUser	0x79553cce	sctrlExitGameMenu
SystemCtrlForUser	0x7b369596	sctrlKernelLoadExecVSHMs3
SystemCtrlForUser	0x85b520c6	sctrlSEMountUmdFromFile
SystemCtrlForUser	0x8b2d99e4	sctrlHENApplyMemory
SystemCtrlForUser	0x8d5be1f0	sctrlKernelSetInitApitype
SystemCtrlForUser	0x8e426f09	sctrlSEGetConfigEx
SystemCtrlForUser	0x94fe5e4b	sctrlKernelLoadExecVSHDiscUpdater
SystemCtrlForUser	0x99c088a5	sctrlExitToRecovery
SystemCtrlForUser	0x9efde773	sctrlFindImportByNID
SystemCtrlForUser	0xaba7f1b0	sctrlKernelLoadExecVSHMs2
SystemCtrlForUser	0xabef849b	sctrlSEGetDiscType
SystemCtrlForUser	0xad4d5ea5	sctrlSESetConfigEx
SystemCtrlForUser	0xad9849fe	sctrlKernelMsIsEf
SystemCtrlForUser	0xaf22d576	sctrlKernelLoadExecVSHEf2
SystemCtrlForUser	0xb364fbb4	sctrlKernelRand
SystemCtrlForUser	0xb47c9d77	sctrlSEGetVersion
SystemCtrlForUser	0xbc939dc1	sctrlSESetBootConfFileIndex
SystemCtrlForUser	0xc4d88d50	sctrlHENIsSystemBooted
SystemCtrlForUser	0xc68f9ef8	sctrlHENFindJALGeneric
SystemCtrlForUser	0xcb76b778	sctrlKernelSetInitKeyConfig
SystemCtrlForUser	0xcc9adcf8	sctrlHENSetSpeed
SystemCtrlForUser	0xce0a654e	sctrlHENLoadModuleOnReboot
SystemCtrlForUser	0xd339e2e9	sctrlHENIsSE
SystemCtrlForUser	0xd690750f	sctrlKernelLoadExecVSHMs4
SystemCtrlForUser	0xd888f867	sctrlGetMemoryPartition
SystemCtrlForUser	0xd8ff9b99	sctrlKernelSetDevkitVersion
SystemCtrlForUser	0xda05c1e5	sctrlHENFakeDevkitVersion
SystemCtrlForUser	0xdb39a3ec	sctrlHENHijackFunction
SystemCtrlForUser	0xdf306cfc	sctrlHENFindImportInMod
SystemCtrlForUser	0xe6b0f656	sctrlHENFindImport
SystemCtrlForUser	0xe918d837	sctrlHENSetTestingTool
SystemCtrlForUser	0xeb74fe45	sctrlKernelSetUserLevel
SystemCtrlForUser	0xf462ee55	sctrlDeflateDecompress
SystemCtrlForUser	0xf988c1dc	sctrlHENPatchSyscall
SystemCtrlForUser	0xfac22931	sctrlHENFindImportLib
SystemCtrlForUser	0xfce44fb8	sctrlGetInitPARAM
SystemCtrlForUser	0xffefa034	sctrlSESetDiscOut
ThreadManForKernel	0x034a921f	sceKernelGetVTimerTime
ThreadManForKernel	0x04e72261	sceKernelAllocateKTLS
ThreadManForKernel	0x0c106e53	sceKernelRegisterThreadEventHandler
ThreadManForKernel	0x0d81716a	sceKernelPollMbx
ThreadManForKernel	0x0ddcd2c9	sceKernelTryLockMutex
ThreadManForKernel	0x110dec9a	sceKernelUSec2SysClock
ThreadManForKernel	0x1181e963	sceKernelDelaySysClockThreadCB
ThreadManForKernel	0x17c1684e	sceKernelReferThreadStatus
ThreadManForKernel	0x18260574	sceKernelReceiveMbx
ThreadManForKernel	0x1af94d03	sceKernelDonateWakeupThread
ThreadManForKernel	0x1d371b8a	sceKernelCancelVpl
ThreadManForKernel	0x1fb15a32	sceKernelSetEventFlag
ThreadManForKernel	0x20fff560	sceKernelCreateVTimer
ThreadManForKernel	0x278c0df5	sceKernelWaitThreadEnd
ThreadManForKernel	0x27e22ec2	sceKernelResumeDispatchThread
ThreadManForKernel	0x28b6489c	sceKernelDeleteSema
ThreadManForKernel	0x293b45b8	sceKernelGetThreadId
ThreadManForKernel	0x2a3d44ff	sceKernelGetCallbackCount
ThreadManForKernel	0x2c34e053	sceKernelReleaseWaitThread
ThreadManForKernel	0x2d69d086	ThreadManForKernel_2D69D086
ThreadManForKernel	0x2d69d086	sceKernelReferThreadDebugStatus
ThreadManForKernel	0x30fd48f0	sceKernelPollEventFlag
ThreadManForKernel	0x328c546a	sceKernelWaitEventFlagCB
ThreadManForKernel	0x328f9e52	sceKernelDeleteVTimer
ThreadManForKernel	0x33be4024	sceKernelReferMsgPipeStatus
ThreadManForKernel	0x349b864d	sceKernelCancelMsgPipe
ThreadManForKernel	0x349d6d6c	sceKernelCheckCallback
ThreadManForKernel	0x369ed59d	sceKernelGetSystemTimeLow
ThreadManForKernel	0x369eeb6b	sceKernelReferThreadEventHandlerStatus
ThreadManForKernel	0x383f7bcc	sceKernelTerminateDeleteThread
ThreadManForKernel	0x39810265	sceKernelReferVplStatus
ThreadManForKernel	0x3ad58b8c	sceKernelSuspendDispatchThread
ThreadManForKernel	0x3ad875c3	sceKernelGetThreadKTLS
ThreadManForKernel	0x3b183e26	sceKernelGetThreadExitStatus
ThreadManForKernel	0x3f53e640	sceKernelSignalSema
ThreadManForKernel	0x402fcf22	sceKernelWaitEventFlag
ThreadManForKernel	0x446d8de6	sceKernelCreateThread
ThreadManForKernel	0x4c145944	sceKernelReferLwMutexStatusByID
ThreadManForKernel	0x4e3a1105	sceKernelWaitSema
ThreadManForKernel	0x4fe44d5e	sceKernelCheckThreadKernelStack
ThreadManForKernel	0x52089ca1	sceKernelGetThreadStackFreeSize
ThreadManForKernel	0x53b00e9a	sceKernelSetVTimerHandlerWide
ThreadManForKernel	0x542ad630	sceKernelSetVTimerTime
ThreadManForKernel	0x55c20a00	sceKernelCreateEventFlag
ThreadManForKernel	0x56c039b5	sceKernelCreateVpl
ThreadManForKernel	0x57cf62dd	sceKernelGetThreadmanIdType
ThreadManForKernel	0x58b1f937	sceKernelPollSema
ThreadManForKernel	0x5bf4dd27	sceKernelLockMutexCB
ThreadManForKernel	0x5f32beaa	sceKernelReferVTimerStatus
ThreadManForKernel	0x616403ba	sceKernelTerminateThread
ThreadManForKernel	0x623ae665	sceKernelTryAllocateFpl
ThreadManForKernel	0x627e6f3a	sceKernelReferSystemStatus
ThreadManForKernel	0x6652b8ca	sceKernelSetAlarm
ThreadManForKernel	0x68da9e36	sceKernelDelayThreadCB
ThreadManForKernel	0x6b30100f	sceKernelUnlockMutex
ThreadManForKernel	0x6d212bac	sceKernelWaitSemaCB
ThreadManForKernel	0x71bc9871	sceKernelChangeThreadPriority
ThreadManForKernel	0x721067f3	sceKernelReferTlsplStatus
ThreadManForKernel	0x72f3c145	sceKernelReleaseThreadEventHandler
ThreadManForKernel	0x730ed8bc	sceKernelReferCallbackStatus
ThreadManForKernel	0x74829b76	sceKernelReceiveMsgPipe
ThreadManForKernel	0x75156e8f	sceKernelResumeThread
ThreadManForKernel	0x7c0dc2a0	sceKernelCreateMsgPipe
ThreadManForKernel	0x7c41f2c2	sceKernelSendMsgPipeCB
ThreadManForKernel	0x7e65b999	sceKernelCancelAlarm
ThreadManForKernel	0x809ce29b	sceKernelExitDeleteThread
ThreadManForKernel	0x80ca77ba	sceKernelRegisterDeadThreadHandler
ThreadManForKernel	0x812346e4	sceKernelClearEventFlag
ThreadManForKernel	0x8125221d	sceKernelCreateMbx
ThreadManForKernel	0x82826f70	sceKernelSleepThreadCB
ThreadManForKernel	0x82bc5777	sceKernelGetSystemTimeWide
ThreadManForKernel	0x840e8133	sceKernelWaitThreadEndCB
ThreadManForKernel	0x85a2a5bf	sceKernelIsUserModeThread
ThreadManForKernel	0x86255ada	sceKernelDeleteMbx
ThreadManForKernel	0x8672e3d0	ThreadManForKernel_8672E3D0
ThreadManForKernel	0x876dbfad	sceKernelSendMsgPipe
ThreadManForKernel	0x87d4dd36	sceKernelCancelReceiveMbx
ThreadManForKernel	0x87d9223c	sceKernelCancelMutex
ThreadManForKernel	0x884c9f90	sceKernelTrySendMsgPipe
ThreadManForKernel	0x89b3d48c	sceKernelDeleteVpl
ThreadManForKernel	0x8fd9f70c	sceKernelSuspendAllUserThreads
ThreadManForKernel	0x8ffdf9a2	sceKernelCancelSema
ThreadManForKernel	0x912354a7	sceKernelRotateThreadReadyQueue
ThreadManForKernel	0x921b7acd	ThreadManForKernel_921B7ACD
ThreadManForKernel	0x94416130	sceKernelGetThreadmanIdList
ThreadManForKernel	0x94aa61ee	sceKernelGetThreadCurrentPriority
ThreadManForKernel	0x9944f31f	sceKernelSuspendThread
ThreadManForKernel	0x9ace131e	sceKernelSleepThread
ThreadManForKernel	0x9fa03cd3	sceKernelDeleteThread
ThreadManForKernel	0xa249eaae	sceKernelGetKTLS
ThreadManForKernel	0xa66b0120	sceKernelReferEventFlagStatus
ThreadManForKernel	0xa8aa591f	sceKernelCancelFpl
ThreadManForKernel	0xa8e8c846	sceKernelReferMbxStatus
ThreadManForKernel	0xa9c2cb9a	sceKernelReferMutexStatus
ThreadManForKernel	0xaa73c935	sceKernelExitThread
ThreadManForKernel	0xaf36d708	sceKernelTryAllocateVpl
ThreadManForKernel	0xb011b11f	sceKernelLockMutex
ThreadManForKernel	0xb2c25152	sceKernelSetSysClockAlarm
ThreadManForKernel	0xb3a59970	sceKernelGetVTimerBase
ThreadManForKernel	0xb50f4e46	ThreadManForKernel_B50F4E46
ThreadManForKernel	0xb50f4e46	sceKernelSetThreadmanLogHandler
ThreadManForKernel	0xb736e9ff	sceKernelFreeVpl
ThreadManForKernel	0xb7c18b77	sceKernelGetVTimerBaseWide
ThreadManForKernel	0xb7d098c6	sceKernelCreateMutex
ThreadManForKernel	0xba4051d6	sceKernelCancelCallback
ThreadManForKernel	0xba6b92e2	sceKernelSysClock2USec
ThreadManForKernel	0xbc31c1b9	sceKernelExtendKernelStack
ThreadManForKernel	0xbc6febc5	sceKernelReferSemaStatus
ThreadManForKernel	0xbd123d9e	sceKernelDelaySysClockThread
ThreadManForKernel	0xbed27435	sceKernelAllocateVpl
ThreadManForKernel	0xc07bb470	sceKernelCreateFpl
ThreadManForKernel	0xc0b3ffd2	sceKernelGetVTimerTimeWide
ThreadManForKernel	0xc11ba8c4	sceKernelNotifyCallback
ThreadManForKernel	0xc68d9437	sceKernelStartVTimer
ThreadManForKernel	0xc8cd158c	sceKernelUSec2SysClockWide
ThreadManForKernel	0xc9bbe9a2	sceKernelGetThreadmanIdOwner
ThreadManForKernel	0xcd203292	sceKernelCancelEventFlag
ThreadManForKernel	0xceadeb47	sceKernelDelayThread
ThreadManForKernel	0xd0aeee87	sceKernelStopVTimer
ThreadManForKernel	0xd13bde95	sceKernelCheckThreadStack
ThreadManForKernel	0xd198b811	sceKernelFreeKTLS
ThreadManForKernel	0xd2d615ef	sceKernelCancelVTimerHandler
ThreadManForKernel	0xd366d35a	ThreadManForKernel_D366D35A
ThreadManForKernel	0xd59ead2f	sceKernelWakeupThread
ThreadManForKernel	0xd6da4ba1	sceKernelCreateSema
ThreadManForKernel	0xd8199e4c	sceKernelReferFplStatus
ThreadManForKernel	0xd890b370	sceKernelGetThreadKernelStackFreeSize
ThreadManForKernel	0xd8b299ae	sceKernelSetVTimerHandler
ThreadManForKernel	0xd979e9bf	sceKernelAllocateFpl
ThreadManForKernel	0xdaa3f564	sceKernelReferAlarmStatus
ThreadManForKernel	0xdb738f35	sceKernelGetSystemTime
ThreadManForKernel	0xdd55a192	sceKernelGetSyscallRA
ThreadManForKernel	0xdf52098f	sceKernelTryReceiveMsgPipe
ThreadManForKernel	0xe1619d7c	sceKernelSysClock2USecWide
ThreadManForKernel	0xe7282cb6	sceKernelAllocateFplCB
ThreadManForKernel	0xe81caf8f	sceKernelCreateCallback
ThreadManForKernel	0xe9b3061e	sceKernelSendMbx
ThreadManForKernel	0xea748e31	sceKernelChangeCurrentThreadAttr
ThreadManForKernel	0xec0a693f	sceKernelAllocateVplCB
ThreadManForKernel	0xed1410e0	sceKernelDeleteFpl
ThreadManForKernel	0xedba5844	sceKernelDeleteCallback
ThreadManForKernel	0xef9e4c70	sceKernelDeleteEventFlag
ThreadManForKernel	0xf0b7da1c	sceKernelDeleteMsgPipe
ThreadManForKernel	0xf3986382	sceKernelReceiveMbxCB
ThreadManForKernel	0xf475845d	sceKernelStartThread
ThreadManForKernel	0xf6414a71	sceKernelFreeFpl
ThreadManForKernel	0xf6427665	sceKernelGetUserLevel
ThreadManForKernel	0xf8170fbe	sceKernelDeleteMutex
ThreadManForKernel	0xfb6425c3	sceKernelSetVTimerTimeWide
ThreadManForKernel	0xfbfa697d	sceKernelReceiveMsgPipeCB
ThreadManForKernel	0xfcb5eb49	sceKernelGetSystemStatusFlag
ThreadManForKernel	0xfccfad26	sceKernelCancelWakeupThread
ThreadManForKernel	0xffc36a14	sceKernelReferThreadRunStatus
ThreadManForUser	0x034a921f	sceKernelGetVTimerTime
ThreadManForUser	0x0c106e53	sceKernelRegisterThreadEventHandler
ThreadManForUser	0x0d81716a	sceKernelPollMbx
ThreadManForUser	0x0e927aed	_sceKernelReturnFromTimerHandler
ThreadManForUser	0x110dec9a	sceKernelUSec2SysClock
ThreadManForUser	0x1181e963	sceKernelDelaySysClockThreadCB
ThreadManForUser	0x17c1684e	sceKernelReferThreadStatus
ThreadManForUser	0x18260574	sceKernelReceiveMbx
ThreadManForUser	0x19cff145	sceKernelCreateLwMutex
ThreadManForUser	0x1d371b8a	sceKernelCancelVpl
ThreadManForUser	0x1fb15a32	sceKernelSetEventFlag
ThreadManForUser	0x20fff560	sceKernelCreateVTimer
ThreadManForUser	0x278c0df5	sceKernelWaitThreadEnd
ThreadManForUser	0x27e22ec2	sceKernelResumeDispatchThread
ThreadManForUser	0x28b6489c	sceKernelDeleteSema
ThreadManForUser	0x293b45b8	sceKernelGetThreadId
ThreadManForUser	0x2a3d44ff	sceKernelGetCallbackCount
ThreadManForUser	0x2c34e053	sceKernelReleaseWaitThread
ThreadManForUser	0x30fd48f0	sceKernelPollEventFlag
ThreadManForUser	0x328c546a	sceKernelWaitEventFlagCB
ThreadManForUser	0x328f9e52	sceKernelDeleteVTimer
ThreadManForUser	0x33be4024	sceKernelReferMsgPipeStatus
ThreadManForUser	0x349b864d	sceKernelCancelMsgPipe
ThreadManForUser	0x349d6d6c	sceKernelCheckCallback
ThreadManForUser	0x369ed59d	sceKernelGetSystemTimeLow
ThreadManForUser	0x369eeb6b	sceKernelReferThreadEventHandlerStatus
ThreadManForUser	0x383f7bcc	sceKernelTerminateDeleteThread
ThreadManForUser	0x39810265	sceKernelReferVplStatus
ThreadManForUser	0x3ad58b8c	sceKernelSuspendDispatchThread
ThreadManForUser	0x3b183e26	sceKernelGetThreadExitStatus
ThreadManForUser	0x3f53e640	sceKernelSignalSema
ThreadManForUser	0x402fcf22	sceKernelWaitEventFlag
ThreadManForUser	0x446d8de6	sceKernelCreateThread
ThreadManForUser	0x4e3a1105	sceKernelWaitSema
ThreadManForUser	0x52089ca1	sceKernelGetThreadStackFreeSize
ThreadManForUser	0x532a522e	_sceKernelExitThread
ThreadManForUser	0x53b00e9a	sceKernelSetVTimerHandlerWide
ThreadManForUser	0x542ad630	sceKernelSetVTimerTime
ThreadManForUser	0x55c20a00	sceKernelCreateEventFlag
ThreadManForUser	0x56c039b5	sceKernelCreateVpl
ThreadManForUser	0x57cf62dd	sceKernelGetThreadmanIdType
ThreadManForUser	0x58b1f937	sceKernelPollSema
ThreadManForUser	0x5f32beaa	sceKernelReferVTimerStatus
ThreadManForUser	0x60107536	sceKernelDeleteLwMutex
ThreadManForUser	0x616403ba	sceKernelTerminateThread
ThreadManForUser	0x623ae665	sceKernelTryAllocateFpl
ThreadManForUser	0x627e6f3a	sceKernelReferSystemStatus
ThreadManForUser	0x64d4540e	sceKernelReferThreadProfiler
ThreadManForUser	0x6652b8ca	sceKernelSetAlarm
ThreadManForUser	0x68da9e36	sceKernelDelayThreadCB
ThreadManForUser	0x6d212bac	sceKernelWaitSemaCB
ThreadManForUser	0x6e9ea350	_sceKernelReturnFromCallback
ThreadManForUser	0x71bc9871	sceKernelChangeThreadPriority
ThreadManForUser	0x72f3c145	sceKernelReleaseThreadEventHandler
ThreadManForUser	0x730ed8bc	sceKernelReferCallbackStatus
ThreadManForUser	0x74829b76	sceKernelReceiveMsgPipe
ThreadManForUser	0x75156e8f	sceKernelResumeThread
ThreadManForUser	0x7c0dc2a0	sceKernelCreateMsgPipe
ThreadManForUser	0x7c41f2c2	sceKernelSendMsgPipeCB
ThreadManForUser	0x7e65b999	sceKernelCancelAlarm
ThreadManForUser	0x809ce29b	sceKernelExitDeleteThread
ThreadManForUser	0x812346e4	sceKernelClearEventFlag
ThreadManForUser	0x8125221d	sceKernelCreateMbx
ThreadManForUser	0x8218b4dd	sceKernelReferGlobalProfiler
ThreadManForUser	0x82826f70	sceKernelSleepThreadCB
ThreadManForUser	0x82bc5777	sceKernelGetSystemTimeWide
ThreadManForUser	0x840e8133	sceKernelWaitThreadEndCB
ThreadManForUser	0x86255ada	sceKernelDeleteMbx
ThreadManForUser	0x876dbfad	sceKernelSendMsgPipe
ThreadManForUser	0x87d4dd36	sceKernelCancelReceiveMbx
ThreadManForUser	0x884c9f90	sceKernelTrySendMsgPipe
ThreadManForUser	0x89b3d48c	sceKernelDeleteVpl
ThreadManForUser	0x8ffdf9a2	sceKernelCancelSema
ThreadManForUser	0x912354a7	sceKernelRotateThreadReadyQueue
ThreadManForUser	0x94416130	sceKernelGetThreadmanIdList
ThreadManForUser	0x94aa61ee	sceKernelGetThreadCurrentPriority
ThreadManForUser	0x9944f31f	sceKernelSuspendThread
ThreadManForUser	0x9ace131e	sceKernelSleepThread
ThreadManForUser	0x9fa03cd3	sceKernelDeleteThread
ThreadManForUser	0xa66b0120	sceKernelReferEventFlagStatus
ThreadManForUser	0xa8aa591f	sceKernelCancelFpl
ThreadManForUser	0xa8e8c846	sceKernelReferMbxStatus
ThreadManForUser	0xaa73c935	sceKernelExitThread
ThreadManForUser	0xaf36d708	sceKernelTryAllocateVpl
ThreadManForUser	0xb2c25152	sceKernelSetSysClockAlarm
ThreadManForUser	0xb3a59970	sceKernelGetVTimerBase
ThreadManForUser	0xb736e9ff	sceKernelFreeVpl
ThreadManForUser	0xb7c18b77	sceKernelGetVTimerBaseWide
ThreadManForUser	0xba4051d6	sceKernelCancelCallback
ThreadManForUser	0xba6b92e2	sceKernelSysClock2USec
ThreadManForUser	0xbc6febc5	sceKernelReferSemaStatus
ThreadManForUser	0xbd123d9e	sceKernelDelaySysClockThread
ThreadManForUser	0xbed27435	sceKernelAllocateVpl
ThreadManForUser	0xc07bb470	sceKernelCreateFpl
ThreadManForUser	0xc0b3ffd2	sceKernelGetVTimerTimeWide
ThreadManForUser	0xc11ba8c4	sceKernelNotifyCallback
ThreadManForUser	0xc68d9437	sceKernelStartVTimer
ThreadManForUser	0xc8cd158c	sceKernelUSec2SysClockWide
ThreadManForUser	0xcd203292	sceKernelCancelEventFlag
ThreadManForUser	0xceadeb47	sceKernelDelayThread
ThreadManForUser	0xd0aeee87	sceKernelStopVTimer
ThreadManForUser	0xd13bde95	sceKernelCheckThreadStack
ThreadManForUser	0xd2d615ef	sceKernelCancelVTimerHandler
ThreadManForUser	0xd59ead2f	sceKernelWakeupThread
ThreadManForUser	0xd6da4ba1	sceKernelCreateSema
ThreadManForUser	0xd8199e4c	sceKernelReferFplStatus
ThreadManForUser	0xd8b299ae	sceKernelSetVTimerHandler
ThreadManForUser	0xd979e9bf	sceKernelAllocateFpl
ThreadManForUser	0xdaa3f564	sceKernelReferAlarmStatus
ThreadManForUser	0xdb738f35	sceKernelGetSystemTime
ThreadManForUser	0xdf52098f	sceKernelTryReceiveMsgPipe
ThreadManForUser	0xe1619d7c	sceKernelSysClock2USecWide
ThreadManForUser	0xe7282cb6	sceKernelAllocateFplCB
ThreadManForUser	0xe81caf8f	sceKernelCreateCallback
ThreadManForUser	0xe9b3061e	sceKernelSendMbx
ThreadManForUser	0xea748e31	sceKernelChangeCurrentThreadAttr
ThreadManForUser	0xec0a693f	sceKernelAllocateVplCB
ThreadManForUser	0xed1410e0	sceKernelDeleteFpl
ThreadManForUser	0xedba5844	sceKernelDeleteCallback
ThreadManForUser	0xef9e4c70	sceKernelDeleteEventFlag
ThreadManForUser	0xf0b7da1c	sceKernelDeleteMsgPipe
ThreadManForUser	0xf3986382	sceKernelReceiveMbxCB
ThreadManForUser	0xf475845d	sceKernelStartThread
ThreadManForUser	0xf6414a71	sceKernelFreeFpl
ThreadManForUser	0xfb6425c3	sceKernelSetVTimerTimeWide
ThreadManForUser	0xfbfa697d	sceKernelReceiveMsgPipeCB
ThreadManForUser	0xfccfad26	sceKernelCancelWakeupThread
ThreadManForUser	0xffc36a14	sceKernelReferThreadRunStatus
UtilsForKernel	0x06fb8a63	sceKernelUtilsMt19937UInt
UtilsForKernel	0x16641d70	sceKernelDcacheReadTag
UtilsForKernel	0x193d4036	sceKernelSetGPIMask
UtilsForKernel	0x23ffc828	sceKernelGzipGetCompressedData
UtilsForKernel	0x27cc57f0	sceKernelLibcTime
UtilsForKernel	0x346f6da8	sceKernelUtilsSha1BlockUpdate
UtilsForKernel	0x34b9fa9e	sceKernelDcacheWritebackInvalidateRange
UtilsForKernel	0x37fb5c42	sceKernelGetGPI
UtilsForKernel	0x3ee30821	sceKernelDcacheWritebackRange
UtilsForKernel	0x4fd31c9d	sceKernelIcacheProbe
UtilsForKernel	0x585f1c09	sceKernelUtilsSha1BlockResult
UtilsForKernel	0x6151a7c3	sceKernelReleaseLibcRtcFunc
UtilsForKernel	0x61e1e525	sceKernelUtilsMd5BlockUpdate
UtilsForKernel	0x6ad345d7	sceKernelSetGPO
UtilsForKernel	0x71ec4271	sceKernelLibcGettimeofday
UtilsForKernel	0x78934841	sceKernelGzipDecompress
UtilsForKernel	0x79d1c3fa	sceKernelDcacheWritebackAll
UtilsForKernel	0x7b7ed3fd	sceKernelRegisterLibcRtcFunc
UtilsForKernel	0x80001c4c	sceKernelDcacheProbe
UtilsForKernel	0x80fe032e	sceUtilsKernelDcacheWBinvRange
UtilsForKernel	0x840259f1	sceKernelUtilsSha1Digest
UtilsForKernel	0x864a9d72	sceKernelDcacheInvalidateAll
UtilsForKernel	0x8c1fbe04	sceKernelGzipGetComment
UtilsForKernel	0x91e4f6a7	sceKernelLibcClock
UtilsForKernel	0x920f104a	sceKernelIcacheInvalidateAll
UtilsForKernel	0x95035fef	sceKernelSetGPOMask
UtilsForKernel	0x9e5c5086	sceKernelUtilsMd5BlockInit
UtilsForKernel	0xb0e9c31f	sceKernelGzipGetInfo
UtilsForKernel	0xb435dec5	sceKernelDcacheWritebackInvalidateAll
UtilsForKernel	0xb8d24e78	sceKernelUtilsMd5BlockResult
UtilsForKernel	0xbfa98062	sceKernelDcacheInvalidateRange
UtilsForKernel	0xc2df770e	sceKernelIcacheInvalidateRange
UtilsForKernel	0xc8186a58	sceKernelUtilsMd5Digest
UtilsForKernel	0xe0ce3e29	sceKernelGzipIsValid
UtilsForKernel	0xe0e6ba96	sceKernelGzipGetName
UtilsForKernel	0xe860e75e	sceKernelUtilsMt19937Init
UtilsForKernel	0xe8db3ce6	sceKernelDeflateDecompress
UtilsForKernel	0xf8fcd5ba	sceKernelUtilsSha1BlockInit
UtilsForKernel	0xfb05fad0	sceKernelIcacheReadTag
UtilsForUser	0x06fb8a63	sceKernelUtilsMt19937UInt
UtilsForUser	0x16641d70	sceKernelDcacheReadTag
UtilsForUser	0x27cc57f0	sceKernelLibcTime
UtilsForUser	0x346f6da8	sceKernelUtilsSha1BlockUpdate
UtilsForUser	0x34b9fa9e	sceKernelDcacheWritebackInvalidateRange
UtilsForUser	0x37fb5c42	sceKernelGetGPI
UtilsForUser	0x3ee30821	sceKernelDcacheWritebackRange
UtilsForUser	0x4fd31c9d	sceKernelIcacheProbe
UtilsForUser	0x585f1c09	sceKernelUtilsSha1BlockResult
UtilsForUser	0x61e1e525	sceKernelUtilsMd5BlockUpdate
UtilsForUser	0x6ad345d7	sceKernelSetGPO
UtilsForUser	0x71ec4271	sceKernelLibcGettimeofday
UtilsForUser	0x79d1c3fa	sceKernelDcacheWritebackAll
UtilsForUser	0x80001c4c	sceKernelDcacheProbe
UtilsForUser	0x840259f1	sceKernelUtilsSha1Digest
UtilsForUser	0x91e4f6a7	sceKernelLibcClock
UtilsForUser	0x920f104a	sceKernelIcacheInvalidateAll
UtilsForUser	0x9e5c5086	sceKernelUtilsMd5BlockInit
UtilsForUser	0xb435dec5	sceKernelDcacheWritebackInvalidateAll
UtilsForUser	0xb8d24e78	sceKernelUtilsMd5BlockResult
UtilsForUser	0xbfa98062	sceKernelDcacheInvalidateRange
UtilsForUser	0xc2df770e	sceKernelIcacheInvalidateRange
UtilsForUser	0xc8186a58	sceKernelUtilsMd5Digest
UtilsForUser	0xe860e75e	sceKernelUtilsMt19937Init
UtilsForUser	0xf8fcd5ba	sceKernelUtilsSha1BlockInit
UtilsForUser	0xfb05fad0	sceKernelIcacheReadTag
VlfGui	0x03f3347a	vlfGuiUncacheResource
VlfGui	0x09797e77	vlfGuiAddPicture
VlfGui	0x0b0725c4	vlfGuiSetPictureBlinking
VlfGui	0x0cd68da5	vlfGuiSetPictureDisplayArea
VlfGui	0x0ce70999	vlfGuiSetTextF
VlfGui	0x0f124f24	vlfGuiSetText
VlfGui	0x13024971	vlfGuiRestoreVisibilityContext
VlfGui	0x16dc21bd	vlfGuiSetModelFile
VlfGui	0x1798228f	vlfGuiSetTextXY
VlfGui	0x1ba7c9d0	vlfGuiSetResourceDir
VlfGui	0x1ed91be5	vlfGuiAddClock
VlfGui	0x20705415	vlfGuiSetBatteryIconStatus
VlfGui	0x23d7b521	vlfGuiNextPageControl
VlfGui	0x23e15e62	vlfGuiSetTextBlinking
VlfGui	0x24b69a1c	vlfGuiSetRectangleBlinking
VlfGui	0x25aa8725	vlfGuiSetShadowedPictureVisibility
VlfGui	0x2c457004	vlfGuiAddCircle
VlfGui	0x2e431ec3	vlfGuiAddTextResource
VlfGui	0x3067978d	vlfGuiSetShadowedPictureBlinking
VlfGui	0x322973c1	vlfGuiAddShadowedPictureFile
VlfGui	0x33d3aaaf	vlfGuiGetLanguage
VlfGui	0x34079266	vlfGuiAddProgressBarEx
VlfGui	0x3e4c1103	vlfGuiProgressBarSetProgress
VlfGui	0x41e73b5a	vlfGuiFreeVisibilityContext
VlfGui	0x458793ef	vlfGuiAddWaitIcon
VlfGui	0x46cf2962	vlfGuiCustomBottomDialog
VlfGui	0x48c22f91	vlfGuiCentralMenu
VlfGui	0x48e56b3a	vlfGuiSetButtonConfig
VlfGui	0x4ab250e4	vlfGuiAddTextW
VlfGui	0x4af0c442	vlfGuiClonePicture
VlfGui	0x50451a3a	vlfGuiSetBackgroundSystem
VlfGui	0x56b1af3a	vlfGuiAddTextF
VlfGui	0x5717dac0	vlfGuiSetModelResource
VlfGui	0x59c2da5d	vlfGuiSetBackgroundIndex
VlfGui	0x5a828b43	vlfGuiAnimatePicture
VlfGui	0x5ad188b1	vlfGuiCancelPreviousPageControl
VlfGui	0x5bde86e7	vlfGuiInit
VlfGui	0x5c8ac8cb	vlfGuiNetConfDialog
VlfGui	0x5e7455ef	vlfGuiSetTitleBarEx
VlfGui	0x610cbd28	vlfGuiSetPictureVisibility
VlfGui	0x663afe19	vlfGuiSetBackgroundFile
VlfGui	0x6967f6bf	vlfGuiCancelNextPageControl
VlfGui	0x6c822944	vlfGuiSaveRectangleVisibilityContext
VlfGui	0x70f78bfb	vlfGuiRemovePicture
VlfGui	0x72c0780c	vlfGuiCancelBottomDialog
VlfGui	0x73c47545	vlfGuiRemoveBatteryIcon
VlfGui	0x74a1c2e5	vlfGuiSetTextFocus
VlfGui	0x7a5e11fd	vlfGuiAddCancel
VlfGui	0x7ed2903f	vlfGuiSetEventDelay
VlfGui	0x7f6c9933	vlfGuiSetPictureXY
VlfGui	0x82399b47	vlfGuiCentralMenuSelection
VlfGui	0x87dfdb2a	vlfGuiAddSpinDown
VlfGui	0x881ba054	vlfGuiRemoveText
VlfGui	0x88a437b0	vlfGuiSetIntegerSpinValue
VlfGui	0x8a14860b	vlfGuiSetBackgroundDate
VlfGui	0x8a60f1aa	vlfGuiSetBackgroundPlane
VlfGui	0x8bd175b2	vlfGuiAddCross
VlfGui	0x8c12a73d	vlfGuiGetModelWorldMatrix
VlfGui	0x8e44b2b4	vlfGuiSetSystemColor
VlfGui	0x8ea92e7b	vlfGuiAnimateShadowedPicture
VlfGui	0x8f8e36c4	vlfGuiAddEnter
VlfGui	0x940e73da	vlfGuiRemoveTextFocus
VlfGui	0x972765f4	vlfGuiAddPictureResource
VlfGui	0x984ebb05	vlfGuiErrorDialog
VlfGui	0x9f8cba29	vlfGuiMessageDialog
VlfGui	0xa02e2e33	vlfGuiSetTitleBarVisibility
VlfGui	0xa07a96be	vlfGuiAddWaitIconEx
VlfGui	0xa328e758	vlfGuiSetBackground
VlfGui	0xa34fff01	vlfGuiSetModelSystem
VlfGui	0xa57ee751	vlfGuiGetPictureSize
VlfGui	0xac417501	vlfGuiSetBackgroundFileBuffer
VlfGui	0xac41f7f7	vlfGuiSetTextVisibility
VlfGui	0xac8c0a42	vlfGuiSetTitleBar
VlfGui	0xaf719384	vlfGuiSetModel
VlfGui	0xb0a0cf65	vlfGuiSetPictureFade
VlfGui	0xb45bde47	vlfGuiAddBatteryIconSystem
VlfGui	0xb78b7be6	vlfGuiRemoveSpinControl
VlfGui	0xbceda5d7	vlfGuiAddShadowedPicture
VlfGui	0xbe04a775	vlfGuiAddIntegerSpinControl
VlfGui	0xc3c821c4	vlfGuiAddGameIcon
VlfGui	0xca3064d4	vlfGuiLoadResources
VlfGui	0xca77a3a3	vlfGuiAddShadowedPictureResource
VlfGui	0xcc999fe5	vlfGuiGetResourceSubParam
VlfGui	0xcd627f8f	vlfGuiAddTriangle
VlfGui	0xcd869398	vlfGuiRemoveEventHandlerEx
VlfGui	0xd00d3b68	vlfGuiSetTextFade
VlfGui	0xd13b448f	vlfGuiSetTextW
VlfGui	0xd2f38eca	vlfGuiSetPictureAlphaBlend
VlfGui	0xd464b96b	vlfGuiAddArrowLeft
VlfGui	0xd4658318	vlfGuiCacheResource
VlfGui	0xd471a913	vlfGuiSetTextAlignment
VlfGui	0xd4e95b6d	vlfGuiDrawFrame
VlfGui	0xd5589fc5	vlfGuiAddBatteryIconEx
VlfGui	0xd6d73fd9	vlfGuiSetPageControlEnable
VlfGui	0xdb946b81	vlfGuiSetShadowedPictureFade
VlfGui	0xdd5f8e36	vlfGuiCancelCentralMenu
VlfGui	0xdf542637	vlfGuiSetEventDelayEx
VlfGui	0xe1c5e26f	vlfGuiSetTextSize
VlfGui	0xe36407c4	vlfGuiSystemSetup
VlfGui	0xe3b25dee	vlfGuiIsEventRegistered
VlfGui	0xe45bf2d4	vlfGuiAddNegativeEventHandler
VlfGui	0xe470c22e	vlfGuiChangeCharacterByButton
VlfGui	0xe789f07b	vlfGuiAddProgressBar
VlfGui	0xe86be851	vlfGuiAddBatteryIcon
VlfGui	0xeac80bfb	vlfGuiRemoveProgressBar
VlfGui	0xeb0ca5d2	vlfGuiGetIntegerSpinValue
VlfGui	0xeca95712	vlfGuiGetButtonConfig
VlfGui	0xece77e2b	vlfGuiAddPictureFile
VlfGui	0xee6cd211	vlfGuiAddEventHandler
VlfGui	0xef16f18d	vlfGuiPreviousPageControl
VlfGui	0xf0173174	vlfGuiSetLanguage
VlfGui	0xf1f4b98f	vlfGuiRemoveEventHandler
VlfGui	0xf2c338f3	vlfGuiSetSpinState
VlfGui	0xf3bfa177	vlfGuiSetIntegerSpinMinMax
VlfGui	0xf435c014	vlfGuiAddArrowRight
VlfGui	0xf4da07f2	vlfGuiAddText
VlfGui	0xf4ed55c0	vlfGuiSetSynchronizedBlinking
VlfGui	0xf5e9ed4c	vlfGuiSetRectangleVisibility
VlfGui	0xf8992eca	vlfGuiBottomDialog
VlfGui	0xfac35a39	vlfGuiLoadLabel
VlfGui	0xfb02d25c	vlfGuiRemoveShadowedPicture
VlfGui	0xfcb1d8b6	vlfGuiDelayAllEvents
VlfGui	0xfdac550b	vlfGuiAddSpinUp
VlfGui	0xfe2f9335	vlfGuiSetModelWorldMatrix
VlfLIBC	0x00616999	__truncdfsf2
VlfLIBC	0x00bfc9dc	ldiv
VlfLIBC	0x014e4a73	mallinfo
VlfLIBC	0x0b80b98f	memmove
VlfLIBC	0x0cf9a48c	__errno
VlfLIBC	0x0d254ca5	strcmp
VlfLIBC	0x1189dee4	strstr
VlfLIBC	0x13b380e2	vsprintf
VlfLIBC	0x17bf7b66	fgetc
VlfLIBC	0x18432c05	fscanf
VlfLIBC	0x1dfc4ffa	__nedf2
VlfLIBC	0x1f1f0226	div
VlfLIBC	0x2812e321	__adddf3
VlfLIBC	0x285066c2	__extendsfdf2
VlfLIBC	0x33fc8858	__muldf3
VlfLIBC	0x352d1ecf	fread
VlfLIBC	0x37816c4b	strncat
VlfLIBC	0x3f381760	atof
VlfLIBC	0x40e1503b	fsetpos
VlfLIBC	0x40e622f4	feof
VlfLIBC	0x411b4582	abs
VlfLIBC	0x427cc560	__gtdf2
VlfLIBC	0x44f603be	atoff
VlfLIBC	0x47dd934d	strtol
VlfLIBC	0x4b49491b	vsnprintf
VlfLIBC	0x4bcfec4c	memalign
VlfLIBC	0x4cd27a60	__fixunsdfsi
VlfLIBC	0x4f6d4257	fwrite
VlfLIBC	0x577b6792	fputc
VlfLIBC	0x5f463703	fgetc
VlfLIBC	0x60054052	rand
VlfLIBC	0x65aa73a2	strncmp
VlfLIBC	0x6a2a2ee6	__floatsidf
VlfLIBC	0x6a7900e1	strtoul
VlfLIBC	0x6fd77cf1	strcpy
VlfLIBC	0x6ffd1496	__fixdfsi
VlfLIBC	0x7003937a	memchr
VlfLIBC	0x710d2ed5	ftell
VlfLIBC	0x71bd4392	strchr
VlfLIBC	0x72a04f8e	fopen
VlfLIBC	0x785b4ad2	strcat
VlfLIBC	0x79064851	srand
VlfLIBC	0x7ad5e2fb	sscanf
VlfLIBC	0x8a93df0a	free
VlfLIBC	0x8ca6d7fa	strlen
VlfLIBC	0x8f770741	realloc
VlfLIBC	0x903689de	fseek
VlfLIBC	0x90586b92	sprintf
VlfLIBC	0x963f2271	memcmp
VlfLIBC	0x97627e33	strnlen
VlfLIBC	0x9becfb07	memcpy
VlfLIBC	0x9fe90d6a	freopen
VlfLIBC	0xa1b6cbe0	__ieee754_pow
VlfLIBC	0xa30dd927	__ltdf2
VlfLIBC	0xa48c1d67	fprintf
VlfLIBC	0xac773996	malloc
VlfLIBC	0xad1b8b78	strncpy
VlfLIBC	0xb1a37f44	fflush
VlfLIBC	0xb71b578a	lldiv
VlfLIBC	0xbbd2da12	atol
VlfLIBC	0xbc709c1a	fclose
VlfLIBC	0xc37f286b	memset
VlfLIBC	0xcaee18ee	snprintf
VlfLIBC	0xd778fca9	strtod
VlfLIBC	0xd97c8cb9	puts
VlfLIBC	0xde6b20e6	strrchr
VlfLIBC	0xdefa2111	scanf
VlfLIBC	0xdfde518f	__ledf2
VlfLIBC	0xe17c8ba1	__eqdf2
VlfLIBC	0xe5c7324a	strcasecmp
VlfLIBC	0xee062811	printf
VlfLIBC	0xf04616b6	abort
VlfLIBC	0xf1bb247f	fdopen
VlfLIBC	0xf3b8c9ed	__divdf3
VlfLIBC	0xf6ff2554	atoi
VlfLIBC	0xf992589c	strncasecmp
VlfLIBC	0xfd33dec5	__subdf3
VlfLIBC	0xfdb25338	atexit
VlfUtils	0x02e1256c	swizzle_pixels
VlfUtils	0x11f79be5	LZRCDecompress
VlfUtils	0x2c288707	malloc16
VlfUtils	0x6686cd51	WriteFile
VlfUtils	0x78ad7acf	ReadFileAlloc
VlfUtils	0x83dcc03e	DeflateDecompress
VlfUtils	0xaf3f1f11	ReadFileAllocEx
VlfUtils	0xc1f7ba43	ReadFile
VlfUtils	0xeb492238	malloc64
VlfUtils	0xf3e0b176	Is2Pow
VlfUtils	0xf52a67be	get_registry_value
VshCtrl	0x0647645a	vshCtrlHibernationExists
VshCtrl	0x0b8d8f45	vctrlGetRegistryValue
VshCtrl	0x0c27b3ba	iso_has_valid_boot
VshCtrl	0x0ec91ae6	vctrlVSHRegisterVshGuMenu
VshCtrl	0x12dc7cf4	fakeParamInexistance
VshCtrl	0x29154ce0	has_prometheus_module
VshCtrl	0x36197fb3	vshCtrlDeleteHibernation
VshCtrl	0x39f5f78e	has_update_file
VshCtrl	0x3a65060d	vctrlSetRegistryValue
VshCtrl	0x4bda734f	isoGetTotalSectorSize
VshCtrl	0x4da81cdd	isoClose
VshCtrl	0xc1be3884	vctrlVSHUpdateConfig
VshCtrl	0xc1fed158	vshDetectDiscType
VshCtrl	0xc4b3078e	isoRead
VshCtrl	0xcd6b3913	vctrlVSHExitVSHMenu
VshCtrl	0xe2498cec	isoGetFileInfo
VshCtrl	0xf1e6a46d	isoOpen
VshCtrl	0xfd26da72	vctrlVSHRegisterVshMenu
__sceSasConcatenateATRAC3	0x7497ea85	__sceSasConcatenateATRAC3
__sceSasCore	0xa3589d81	__sceSasCore
__sceSasCoreWithMix	0x50a14dfc	__sceSasCoreWithMix
__sceSasGetAllEnvelopeHeights	0x07f58c24	__sceSasGetAllEnvelopeHeights
__sceSasGetEndFlag	0x68a46b95	__sceSasGetEndFlag
__sceSasGetEnvelopeHeight	0x74ae582a	__sceSasGetEnvelopeHeight
__sceSasGetGrain	0xbd11b7c2	__sceSasGetGrain
__sceSasGetOutputmode	0xe175ef66	__sceSasGetOutputmode
__sceSasGetPauseFlag	0x2c8e6ab3	__sceSasGetPauseFlag
__sceSasInit	0x42778a9f	__sceSasInit
__sceSasRevEVOL	0xd5a229c9	__sceSasRevEVOL
__sceSasRevParam	0x267a6dd2	__sceSasRevParam
__sceSasRevType	0x33d4ab37	__sceSasRevType
__sceSasRevVON	0xf983b186	__sceSasRevVON
__sceSasSetADSR	0x019b25eb	__sceSasSetADSR
__sceSasSetADSRmode	0x9ec3676a	__sceSasSetADSRmode
__sceSasSetGrain	0xd1e0a01e	__sceSasSetGrain
__sceSasSetKeyOff	0xa0cf2fa4	__sceSasSetKeyOff
__sceSasSetKeyOn	0x76f01aca	__sceSasSetKeyOn
__sceSasSetNoise	0xb7660a23	__sceSasSetNoise
__sceSasSetOutputmode	0xe855bf76	__sceSasSetOutputmode
__sceSasSetPause	0x787d04d5	__sceSasSetPause
__sceSasSetPitch	0xad84d37f	__sceSasSetPitch
__sceSasSetSL	0x5f9529f6	__sceSasSetSL
__sceSasSetSimpleADSR	0xcbcd4f79	__sceSasSetSimpleADSR
__sceSasSetSteepWave	0xd5ebbbcd	__sceSasSetSteepWave
__sceSasSetTrianglarWave	0xa232cbe6	__sceSasSetTriangularWave
__sceSasSetVoice	0x99944089	__sceSasSetVoice
__sceSasSetVoiceATRAC3	0x4aa9ead6	__sceSasSetVoiceATRAC3
__sceSasSetVoicePCM	0xe1cd9561	__sceSasSetVoicePCM
__sceSasSetVolume	0x440ca7d8	__sceSasSetVolume
__sceSasUnsetATRAC3	0xf6107f00	__sceSasUnsetATRAC3
idsRegeneration	0x0b33639a	idsRegenerationGetHwConfigKeys
idsRegeneration	0x0ef8731d	idsRegenerationGetLCDKey
idsRegeneration	0x3f014928	idsRegenerationGetUnkKey140
idsRegeneration	0x4e95d36f	idsRegenerationGenerateCallibrationKey
idsRegeneration	0x6015a7cd	idsRegenerationGetDefaultXMBColorKey
idsRegeneration	0x87a30d3a	idsRegenerationGetSerialKey
idsRegeneration	0x8f7ee9c0	idsRegenerationGetMGKey40
idsRegeneration	0xb417bcf0	idsRegenerationGetParentalLockKey
idsRegeneration	0xb79a6c46	idsRegenerationCreateCertificatesAndUMDKeys
idsRegeneration	0xb9156f27	idsRegenerationGetUnkKeys3X
idsRegeneration	0xbc42feed	idsRegenerationGetUsbKeys
idsRegeneration	0xbde13e76	idsRegenerationSetup
idsRegeneration	0xc44fe956	idsRegenerationGetAudioVolumeSetupKey
idsRegeneration	0xd7603d82	idsRegenerationGetUnkKeys5253
idsRegeneration	0xe37cc2e6	idsRegenerationGetWlanKey
idsRegeneration	0xee1ad992	idsRegenerationGetFactoryBadBlocksKey
idsRegeneration	0xfa2368e8	idsRegenerationGenerateFactoryFirmwareKey
idsRegeneration	0xfea979a6	idsRegenerationGetMGKeys
idsRegeneration	0xfee3c55b	idsRegenerationGetIndex
idsRegeneration_driver	0x0b33639a	idsRegenerationGetHwConfigKeys
idsRegeneration_driver	0x0ef8731d	idsRegenerationGetLCDKey
idsRegeneration_driver	0x3f014928	idsRegenerationGetUnkKey140
idsRegeneration_driver	0x4e95d36f	idsRegenerationGenerateCallibrationKey
idsRegeneration_driver	0x6015a7cd	idsRegenerationGetDefaultXMBColorKey
idsRegeneration_driver	0x87a30d3a	idsRegenerationGetSerialKey
idsRegeneration_driver	0x8f7ee9c0	idsRegenerationGetMGKey40
idsRegeneration_driver	0xb417bcf0	idsRegenerationGetParentalLockKey
idsRegeneration_driver	0xb79a6c46	idsRegenerationCreateCertificatesAndUMDKeys
idsRegeneration_driver	0xb9156f27	idsRegenerationGetUnkKeys3X
idsRegeneration_driver	0xbc42feed	idsRegenerationGetUsbKeys
idsRegeneration_driver	0xbde13e76	idsRegenerationSetup
idsRegeneration_driver	0xc44fe956	idsRegenerationGetAudioVolumeSetupKey
idsRegeneration_driver	0xd7603d82	idsRegenerationGetUnkKeys5253
idsRegeneration_driver	0xe37cc2e6	idsRegenerationGetWlanKey
idsRegeneration_driver	0xee1ad992	idsRegenerationGetFactoryBadBlocksKey
idsRegeneration_driver	0xfa2368e8	idsRegenerationGenerateFactoryFirmwareKey
idsRegeneration_driver	0xfea979a6	idsRegenerationGetMGKeys
idsRegeneration_driver	0xfee3c55b	idsRegenerationGetIndex
inferno_driver	0x8cde7f95	infernoCacheInit
inferno_driver	0xb573209c	infernoIsoRead
inferno_driver	0xb6522e93	infernoSetUmdDelay
inferno_driver	0xc0736fd6	infernoCacheSetPolicy
inferno_driver	0xcf8299be	infernoSetDiscType
intrafont	0x208c3dff	intraFontPrintUCS2
intrafont	0x2487f1b9	intraFontPrintf
intrafont	0x2b027d36	intraFontPrintUCS2Ex
intrafont	0x3933584a	intraFontMeasureTextUCS2
intrafont	0x3a172562	intraFontMeasureTextUCS2Ex
intrafont	0x4280925c	intraFontSetAltFont
intrafont	0x43222295	intraFontInit
intrafont	0x49542e71	intraFontLoadEx
intrafont	0x5490af57	intraFontShutdown
intrafont	0x5e7343c2	intraFontSetStyle
intrafont	0x60b74159	intraFontPrintColumnEx
intrafont	0x73a00fd5	intraFontPrint
intrafont	0x88ea2465	intraFontSetEncoding
intrafont	0xa623353f	intraFontPrintEx
intrafont	0xaac3056a	intraFontUnload
intrafont	0xb4cc27b4	intraFontMeasureTextEx
intrafont	0xb67f0e98	intraFontMeasureText
intrafont	0xba1cedd8	intraFontPrintColumn
intrafont	0xc1dda431	intraFontLoad
intrafont	0xdf9c6f4d	intraFontPrintColumnUCS2Ex
intrafont	0xe32d492e	intraFontPrintColumnUCS2
intrafont	0xe70425f0	intraFontActivate
isoCtrl_driver	0x3f83b110	isoReadUmdFile
isoCtrl_driver	0xd4fab33f	isoGetTitleId
isoCtrl_driver	0xfaec97d6	isoSetUmdDelay
libguglue	0x050a7eb0	sceGuClutMode
libguglue	0x16ab1034	sceGuTexFunc
libguglue	0x29631777	sceGuClutLoad
libguglue	0x3a4d566b	sceGuTexMode
libguglue	0x3ba5c5cc	sceGuTexFilter
libguglue	0x4b4f39fc	sceGuDisable
libguglue	0x5071e27a	sceGuDrawArray
libguglue	0x7e0eadde	sceGuEnable
libguglue	0x7e5aed26	sceGuTexImage
libguglue	0x8053c305	sceGuTexWrap
libguglue	0xb07562ab	sceGuTexOffset
libguglue	0xb8730cb7	sceGuScissor
libguglue	0xbdea3115	sceGuTexEnvColor
libguglue	0xcccc2edc	sceGuGetMemory
libguglue	0xea4c24b3	sceGumDrawArray
libkpspident	0x7ec5a957	sceSysconGetBaryonVersion
libkpspident	0xa27b1ba6	pspGetKirkVersion
libkpspident	0xe2a5d1ee	sceSysregGetTachyonVersion
libkpspident	0xe7e87741	sceSysconGetPommelVersion
libkpspident	0xff2702f2	pspGetSpockVersion
libpng	0x03ff4cfc	png_write_row
libpng	0x05b97898	png_set_compression_window_bits
libpng	0x0c8288b5	png_write_sig
libpng	0x1482c41a	png_warning
libpng	0x16c92089	png_get_error_ptr
libpng	0x1a1f232f	png_set_sig_bytes
libpng	0x1bdff258	png_set_read_fn
libpng	0x1c5575d5	png_init_io
libpng	0x211a764a	png_destroy_read_struct
libpng	0x25b86fcc	png_set_filter
libpng	0x26f5f341	png_set_strip_16
libpng	0x2cb9f5bc	png_destroy_write_struct
libpng	0x2cf371c7	png_get_rows
libpng	0x2da09328	png_set_tRNS_to_alpha
libpng	0x34ff569f	png_get_rowbytes
libpng	0x38f12307	png_get_IHDR
libpng	0x3a230e18	png_set_expand_gray_1_2_4_to_8
libpng	0x3e479676	png_set_write_status_fn
libpng	0x42001996	png_set_compression_buffer_size
libpng	0x45b94a93	png_set_compression_strategy
libpng	0x4644b335	png_create_write_struct
libpng	0x49abc215	png_get_pixels_per_meter
libpng	0x4c597bb0	png_set_palette_to_rgb
libpng	0x518922e5	png_get_image_height
libpng	0x56488d04	png_set_filler
libpng	0x596c9364	png_get_libpng_ver
libpng	0x5dba44fe	png_set_expand
libpng	0x6528115d	png_create_read_struct
libpng	0x67ef4d65	png_get_channels
libpng	0x6f3bfe3a	png_write_chunk
libpng	0x7333e75a	png_set_packing
libpng	0x753c7f04	png_write_rows
libpng	0x769d7c3e	png_write_info_before_PLTE
libpng	0x77d426fa	png_get_signature
libpng	0x78bf1620	png_get_x_offset_pixels
libpng	0x7afd6b74	png_create_info_struct
libpng	0x7bc7020c	png_write_image
libpng	0x806d225c	png_get_compression_buffer_size
libpng	0x832391d8	png_get_y_offset_microns
libpng	0x86d1d464	png_set_write_fn
libpng	0x888485bc	png_get_y_pixels_per_meter
libpng	0x8f07abc9	png_get_bit_depth
libpng	0x966e245a	png_get_valid
libpng	0x96febb16	png_set_compression_method
libpng	0x97273790	png_set_compression_mem_level
libpng	0x9785ba9a	png_access_version_number
libpng	0x9a7a25d6	png_write_chunk_end
libpng	0x9c03dd98	png_get_compression_type
libpng	0x9cf260a4	png_info_init_3
libpng	0xa1420092	png_get_x_pixels_per_meter
libpng	0xa3581c2a	png_write_chunk_data
libpng	0xa95e38d3	png_set_IHDR
libpng	0xaa1ee10f	png_get_filter_type
libpng	0xaab30565	png_read_row
libpng	0xb0a3c492	png_write_end
libpng	0xb2290d1a	png_read_end
libpng	0xb4eadcdd	png_destroy_info_struct
libpng	0xb6cd1937	png_get_y_offset_pixels
libpng	0xc0998546	png_chunk_warning
libpng	0xc2cf0ff7	png_set_longjmp_fn
libpng	0xc508fbae	png_get_x_offset_microns
libpng	0xd4e37f9f	png_sig_cmp
libpng	0xd4f9270d	png_read_update_info
libpng	0xd967e431	png_write_info
libpng	0xdab724f8	png_set_rows
libpng	0xdb1549df	png_start_read_image
libpng	0xdb5bfe20	png_get_color_type
libpng	0xdc830c64	png_set_compression_level
libpng	0xddd91620	png_read_image
libpng	0xe0c30f0b	png_write_chunk_start
libpng	0xe327c974	png_read_info
libpng	0xe65b8ccd	png_set_read_status_fn
libpng	0xe6d00c8b	png_get_image_width
libpng	0xee1c42f5	png_get_io_ptr
libpng	0xf26ee1d8	png_set_error_fn
libpng	0xf71634c8	png_set_crc_action
libpng	0xfb6ad168	png_get_interlace_type
libpspDecrypt	0x018c3eac	pspDecompress
libpspDecrypt	0x10360d7d	pspSignCheck
libpspDecrypt	0x40adb206	pspLinearizeIPL2
libpspDecrypt	0x73b49ce2	pspUnsignCheck
libpspDecrypt	0xb081fd37	pspDecryptPRX
libpspDecrypt	0xd31cb80a	pspDecryptTable
libpspDecrypt	0xdce318a9	pspDecryptIPL3
libpspDecrypt	0xe1826cb7	pspDecryptIPL1
libpspIplUpdate	0x282edfec	pspIplUpdateClearIpl
libpspIplUpdate	0xad923e2f	pspIplUpdateGetIpl
libpspIplUpdate	0xf7ef8e3f	pspIplUpdateSetIpl
libpspKbootiUpdate	0x2fba6be4	pspKbootiUpdateKbooti
libpspKbootiUpdate	0x32a8c95a	pspKbootiUpdateRestoreKbooti
libpspKbootiUpdate	0x8b650f57	pspKbootiUpdateGetKbootiSize
libpspPSAR	0x56c924e1	pspPSARInit
libpspPSAR	0x9c91dd9d	pspPSARGetNextFile
libpspPSAR	0xc907d012	pspPSARSetBufferPosition
libpspav	0x07ec66e6	pspavPlayVideoFile
libpspav	0xa405590a	pspavResetAt3Data
libpspav	0xad5e3793	pspavPlayGamePMF
libpspav	0xc52e1f12	pspavPlayAT3
libpspav	0xec38d2c9	pspavSetAt3Data
libpspftp	0x27fde222	ftpDELE
libpspftp	0x37aa6c8e	ftpAPPE
libpspftp	0x37f497eb	ftpConnect
libpspftp	0x3f5da38d	ftpInit
libpspftp	0x43556842	ftpClean
libpspftp	0x5ad8c8ec	ftpLIST
libpspftp	0x5c214b09	ftpRMD
libpspftp	0x6f08d180	ftpMKD
libpspftp	0x7c7baebd	ftpRETR
libpspftp	0x7f2d2871	ftpSTOR
libpspftp	0x930386ea	ftpCWD
libpspftp	0x9384feb9	ftpdLoop
libpspftp	0xabb2cea8	ftpdSetMsgHandler
libpspftp	0xbbb22cb4	ftpDisconnect
libpspftp	0xdf797381	ftpdExitHandler
libpspftp	0xe0a34d9a	ftpLogin
libpspftp	0xf879adee	ftpdGetDevice
libpspftp	0xfb54a5ed	ftpdSetDevice
pspUsbDevice	0xb3cf0329	pspUsbDeviceFinishDevice
pspUsbDevice	0xd4d90520	pspUsbDeviceSetDevice
pspUsbDevice_driver	0xb3cf0329	pspUsbDeviceFinishDevice
pspUsbDevice_driver	0xd4d90520	pspUsbDeviceSetDevice
sceAtrac3plus	0x0e2a73ab	sceAtracSetData
sceAtrac3plus	0x0fae370e	sceAtracSetHalfwayBufferAndGetID
sceAtrac3plus	0x31668baa	sceAtracGetChannel
sceAtrac3plus	0x36faabfb	sceAtracGetNextSample
sceAtrac3plus	0x3f6e26b5	sceAtracSetHalfwayBuffer
sceAtrac3plus	0x5d268707	sceAtracGetStreamDataInfo
sceAtrac3plus	0x61eb33f5	sceAtracReleaseAtracID
sceAtrac3plus	0x644e5607	sceAtracResetPlayPosition
sceAtrac3plus	0x6a8c3cd5	sceAtracDecodeData
sceAtrac3plus	0x780f88d1	sceAtracGetAtracID
sceAtrac3plus	0x7a20e7af	sceAtracSetDataAndGetID
sceAtrac3plus	0x7db31251	sceAtracAddStreamData
sceAtrac3plus	0x83bf7afd	sceAtracSetSecondBuffer
sceAtrac3plus	0x83e85ea0	sceAtracGetSecondBufferInfo
sceAtrac3plus	0x868120b5	sceAtracSetLoopNum
sceAtrac3plus	0x9ae849a7	sceAtracGetRemainFrame
sceAtrac3plus	0xa2bba8be	sceAtracGetSoundSample
sceAtrac3plus	0xa554a158	sceAtracGetBitrate
sceAtrac3plus	0xca3ca3d2	sceAtracGetBufferInfoForReseting
sceAtrac3plus	0xd1f59fdb	sceAtracStartEntry
sceAtrac3plus	0xd5c28cc0	sceAtracEndEntry
sceAtrac3plus	0xd6a5f2f7	sceAtracGetMaxSample
sceAtrac3plus	0xe23e3a35	sceAtracGetNextDecodePosition
sceAtrac3plus	0xe88f759b	sceAtracGetInternalErrorInfo
sceAtrac3plus	0xfaa4f89b	sceAtracGetLoopStatus
sceAudio	0x01562ba3	sceAudioOutput2Reserve
sceAudio	0x086e5895	sceAudioInputBlocking
sceAudio	0x136caf51	sceAudioOutputBlocking
sceAudio	0x13f592bc	sceAudioOutputPannedBlocking
sceAudio	0x2d53f36e	sceAudioOutput2OutputBlocking
sceAudio	0x38553111	sceAudioSRCChReserve
sceAudio	0x41efade7	sceAudioOneshotOutput
sceAudio	0x43196845	sceAudioOutput2Release
sceAudio	0x5c37c0ae	sceAudioSRCChRelease
sceAudio	0x5ec81c55	sceAudioChReserve
sceAudio	0x63f2889c	sceAudioOutput2ChangeLength
sceAudio	0x647cef33	sceAudioOutput2GetRestSample
sceAudio	0x6d4bec68	sceAudioInput
sceAudio	0x6fc46853	sceAudioChRelease
sceAudio	0x7de61688	sceAudioInputInit
sceAudio	0x87b2e651	sceAudioWaitInputEnd
sceAudio	0x8c1009b2	sceAudioOutput
sceAudio	0x95fd0c2d	sceAudioChangeChannelConfig
sceAudio	0xa633048e	sceAudioPollInputEnd
sceAudio	0xa708c6a6	sceAudioGetInputLength
sceAudio	0xb011922f	sceAudioGetChannelRestLength
sceAudio	0xb7e1d8e7	sceAudioChangeChannelVolume
sceAudio	0xcb2e439e	sceAudioSetChannelDataLen
sceAudio	0xe0727056	sceAudioSRCOutputBlocking
sceAudio	0xe2d56b2d	sceAudioOutputPanned
sceAudio	0xe926d3fb	sceAudioInputInitEx
sceAudio	0xe9d97901	sceAudioGetChannelRestLen
sceAudioRouting	0x28235c56	sceAudioRoutingGetVolumeMode
sceAudioRouting	0x36fd8aa9	sceAudioRoutingSetMode
sceAudioRouting	0x39240e7d	sceAudioRoutingGetMode
sceAudioRouting_driver	0x28235c56	sceAudioRoutingGetVolumeMode
sceAudioRouting_driver	0x36fd8aa9	sceAudioRoutingSetMode
sceAudioRouting_driver	0x39240e7d	sceAudioRoutingGetMode
sceAudioRouting_driver	0xbb548475	sceAudioRoutingSetVolumeMode
sceAudio_driver	0x086e5895	sceAudioInputBlocking
sceAudio_driver	0x136caf51	sceAudioOutputBlocking
sceAudio_driver	0x13f592bc	sceAudioOutputPannedBlocking
sceAudio_driver	0x210567f7	sceAudioEnd
sceAudio_driver	0x38553111	sceAudio_driver_38553111
sceAudio_driver	0x41efade7	sceAudioOneshotOutput
sceAudio_driver	0x5c37c0ae	sceAudio_driver_5C37C0AE
sceAudio_driver	0x5ec81c55	sceAudioChReserve
sceAudio_driver	0x6d4bec68	sceAudioInput
sceAudio_driver	0x6fc46853	sceAudioChRelease
sceAudio_driver	0x7de61688	sceAudioInputInit
sceAudio_driver	0x80f1f7e0	sceAudioInit
sceAudio_driver	0x87b2e651	sceAudioWaitInputEnd
sceAudio_driver	0x8c1009b2	sceAudioOutput
sceAudio_driver	0x927ac32b	sceAudioSetVolumeOffset
sceAudio_driver	0x95fd0c2d	sceAudioChangeChannelConfig
sceAudio_driver	0xa2beaa6c	sceAudioSetFrequency
sceAudio_driver	0xa633048e	sceAudioPollInputEnd
sceAudio_driver	0xa708c6a6	sceAudioGetInputLength
sceAudio_driver	0xb011922f	sceAudio_driver_B011922F
sceAudio_driver	0xb61595c0	sceAudioLoopbackTest
sceAudio_driver	0xb7e1d8e7	sceAudioChangeChannelVolume
sceAudio_driver	0xcb2e439e	sceAudioSetChannelDataLen
sceAudio_driver	0xe0727056	sceAudio_driver_E0727056
sceAudio_driver	0xe2d56b2d	sceAudioOutputPanned
sceAudio_driver	0xe926d3fb	sceAudioInputInitEx
sceAudio_driver	0xe9d97901	sceAudioGetChannelRestLen
sceAudiocodec	0x29681260	sceAudiocodecReleaseEDRAM
sceAudiocodec	0x3a20a200	sceAudiocodecGetEDRAM
sceAudiocodec	0x59176a0f	sceAudiocodec_59176A0F
sceAudiocodec	0x5b37eb1d	sceAudiocodecInit
sceAudiocodec	0x6cd2a861	sceAudiocodec_6CD2A861
sceAudiocodec	0x70a703f8	sceAudiocodecDecode
sceAudiocodec	0x8aca11d5	sceAudiocodecGetInfo
sceAudiocodec	0x9d3f790c	sceAudiocodecCheckNeedMem
sceChnnlsv	0x21be78b4	sceSdCleanList
sceChnnlsv	0x850a7fa1	sceSdSetMember
sceChnnlsv	0xabfdfc8b	sceSdCreateList
sceChnnlsv	0xc4c494f8	sceSdGetLastIndex
sceChnnlsv	0xe7833020	sceSdSetIndex
sceChnnlsv	0xf21a1fca	sceSdRemoveValue
sceCtrl	0x02baad91	sceCtrlGetSamplingCycle
sceCtrl	0x0b588501	sceCtrlReadLatch
sceCtrl	0x1f4011e6	sceCtrlSetSamplingMode
sceCtrl	0x1f803938	sceCtrlReadBufferPositive
sceCtrl	0x348d99d4	sceCtrlSetSuspendingExtraSamples
sceCtrl	0x3a622550	sceCtrlPeekBufferPositive
sceCtrl	0x60b81f86	sceCtrlReadBufferNegative
sceCtrl	0x6841be1a	sceCtrlSetRapidFire
sceCtrl	0x687660fa	sceCtrlGetIdleCancelThreshold
sceCtrl	0x6a2774f3	sceCtrlSetSamplingCycle
sceCtrl	0xa68fd260	sceCtrlClearRapidFire
sceCtrl	0xa7144800	sceCtrlSetIdleCancelThreshold
sceCtrl	0xaf5960f3	sceCtrlGetSuspendingExtraSamples
sceCtrl	0xb1d0e5cd	sceCtrlPeekLatch
sceCtrl	0xc152080a	sceCtrlPeekBufferNegative
sceCtrl	0xda6b76a1	sceCtrlGetSamplingMode
sceCtrl_driver	0x02baad91	sceCtrlGetSamplingCycle
sceCtrl_driver	0x0b588501	sceCtrlReadLatch
sceCtrl_driver	0x1f4011e6	sceCtrlSetSamplingMode
sceCtrl_driver	0x1f803938	sceCtrlReadBufferPositive
sceCtrl_driver	0x348d99d4	sceCtrlSetSuspendingExtraSamples
sceCtrl_driver	0x3a622550	sceCtrlPeekBufferPositive
sceCtrl_driver	0x3e65a0ea	sceCtrlInit
sceCtrl_driver	0x5c56c779	sceCtrlSetSpecialButtonCallback
sceCtrl_driver	0x5e77bc8a	sceCtrlGetButtonIntercept
sceCtrl_driver	0x60b81f86	sceCtrlReadBufferNegative
sceCtrl_driver	0x6841be1a	sceCtrlSetRapidFire
sceCtrl_driver	0x687660fa	sceCtrlGetIdleCancelThreshold
sceCtrl_driver	0x6a2774f3	sceCtrlSetSamplingCycle
sceCtrl_driver	0x7ca723dc	sceCtrlSetButtonIntercept
sceCtrl_driver	0xa68fd260	sceCtrlClearRapidFire
sceCtrl_driver	0xa7144800	sceCtrlSetIdleCancelThreshold
sceCtrl_driver	0xa88e8d22	sceCtrlSetIdleCancelKey
sceCtrl_driver	0xaf5960f3	sceCtrlGetSuspendingExtraSamples
sceCtrl_driver	0xb1d0e5cd	sceCtrlPeekLatch
sceCtrl_driver	0xb7ceaed4	sceCtrlGetIdleCancelKey
sceCtrl_driver	0xc152080a	sceCtrlPeekBufferNegative
sceCtrl_driver	0xc245b57b	sceCtrlResume
sceCtrl_driver	0xc3f607f3	sceCtrlSuspend
sceCtrl_driver	0xda6b76a1	sceCtrlGetSamplingMode
sceCtrl_driver	0xe03956e9	sceCtrlEnd
sceDisplay	0x0e20f177	sceDisplaySetMode
sceDisplay	0x210eab3a	sceDisplayGetAccumulatedHcount
sceDisplay	0x289d82fe	sceDisplaySetFrameBuf
sceDisplay	0x31c4baa8	sceDisplay_31C4BAA8
sceDisplay	0x36cdfade	sceDisplayWaitVblank
sceDisplay	0x46f186c3	sceDisplayWaitVblankStartCB
sceDisplay	0x4d4e10ec	sceDisplayIsVblank
sceDisplay	0x773dd3a3	sceDisplayGetCurrentHcount
sceDisplay	0x7ed59bc4	sceDisplaySetHoldMode
sceDisplay	0x8eb9ec49	sceDisplayWaitVblankCB
sceDisplay	0x984c27e7	sceDisplayWaitVblankStart
sceDisplay	0x9c6eaad7	sceDisplayGetVcount
sceDisplay	0xa544c486	sceDisplaySetResumeMode
sceDisplay	0xb4f378fa	sceDisplayIsForeground
sceDisplay	0xdba6c4c4	sceDisplayGetFramePerSec
sceDisplay	0xdea197d4	sceDisplayGetMode
sceDisplay	0xeeda2e54	sceDisplayGetFrameBuf
sceDisplay_driver	0x0e20f177	sceDisplaySetMode
sceDisplay_driver	0x206276c2	sceDisplayInit
sceDisplay_driver	0x210eab3a	sceDisplayGetAccumulatedHcount
sceDisplay_driver	0x289d82fe	sceDisplaySetFrameBuf
sceDisplay_driver	0x31c4baa8	sceDisplayGetBrightness
sceDisplay_driver	0x36cdfade	sceDisplayWaitVblank
sceDisplay_driver	0x432d133f	sceDisplayEnable
sceDisplay_driver	0x46f186c3	sceDisplayWaitVblankStartCB
sceDisplay_driver	0x4d4e10ec	sceDisplayIsVblank
sceDisplay_driver	0x5b5aefad	sceDisplay_driver_5B5AEFAD
sceDisplay_driver	0x63e22a26	sceDisplay_driver_63E22A26
sceDisplay_driver	0x681ee6a7	sceDisplayDisable
sceDisplay_driver	0x69b53541	sceDisplayGetVblankRest
sceDisplay_driver	0x773dd3a3	sceDisplayGetCurrentHcount
sceDisplay_driver	0x7a10289d	sceDisplayEnd
sceDisplay_driver	0x7ed59bc4	sceDisplaySetHoldMode
sceDisplay_driver	0x8eb9ec49	sceDisplayWaitVblankCB
sceDisplay_driver	0x984c27e7	sceDisplayWaitVblankStart
sceDisplay_driver	0x9c6eaad7	sceDisplayGetVcount
sceDisplay_driver	0x9e3c6dc6	sceDisplaySetBrightness
sceDisplay_driver	0xa544c486	sceDisplaySetResumeMode
sceDisplay_driver	0xac14f1ff	sceDisplayGetForegroundLevel
sceDisplay_driver	0xb4f378fa	sceDisplayIsForeground
sceDisplay_driver	0xdba6c4c4	sceDisplayGetFramePerSec
sceDisplay_driver	0xdea197d4	sceDisplayGetMode
sceDisplay_driver	0xeeda2e54	sceDisplayGetFrameBuf
sceDmac	0x617f3fe6	sceDmacMemcpy
sceDmac	0xd97f94d8	sceDmacTryMemcpy
sceGe_driver	0x03444eb4	sceGeListSync
sceGe_driver	0x05db22ce	sceGeUnsetCallback
sceGe_driver	0x0bf608fb	sceGeRestoreContext
sceGe_driver	0x114e1745	sceGe_driver_114E1745
sceGe_driver	0x1c0d95a6	sceGeListEnQueueHead
sceGe_driver	0x1f6752ad	sceGeEdramGetSize
sceGe_driver	0x438a385a	sceGeSaveContext
sceGe_driver	0x4c06e472	sceGeContinue
sceGe_driver	0x57c8945b	sceGeGetMtx
sceGe_driver	0x5fb86ab0	sceGeListDeQueue
sceGe_driver	0x71fcd1d6	sceGeInit
sceGe_driver	0x8f185df7	sceGeEdramInit
sceGe_driver	0x9da4a75f	sceGe_driver_9DA4A75F
sceGe_driver	0x9f2c2948	sceGeEnd
sceGe_driver	0xa4fc06a4	sceGeSetCallback
sceGe_driver	0xab49e76a	sceGeListEnQueue
sceGe_driver	0xb287bd61	sceGeDrawSync
sceGe_driver	0xb415364d	sceGeGetReg
sceGe_driver	0xb448ec0d	sceGeBreak
sceGe_driver	0xb77905ea	sceGeEdramSetAddrTranslation
sceGe_driver	0xdc93cfef	sceGeGetCmd
sceGe_driver	0xe0d68148	sceGeListUpdateStallAddr
sceGe_driver	0xe47e40e4	sceGeEdramGetAddr
sceGe_user	0x03444eb4	sceGeListSync
sceGe_user	0x05db22ce	sceGeUnsetCallback
sceGe_user	0x0bf608fb	sceGeRestoreContext
sceGe_user	0x1c0d95a6	sceGeListEnQueueHead
sceGe_user	0x1f6752ad	sceGeEdramGetSize
sceGe_user	0x438a385a	sceGeSaveContext
sceGe_user	0x4c06e472	sceGeContinue
sceGe_user	0x57c8945b	sceGeGetMtx
sceGe_user	0x5baa5439	sceGeEdramSetSize
sceGe_user	0x5fb86ab0	sceGeListDeQueue
sceGe_user	0xa4fc06a4	sceGeSetCallback
sceGe_user	0xab49e76a	sceGeListEnQueue
sceGe_user	0xb287bd61	sceGeDrawSync
sceGe_user	0xb448ec0d	sceGeBreak
sceGe_user	0xb77905ea	sceGeEdramSetAddrTranslation
sceGe_user	0xdc93cfef	sceGeGetCmd
sceGe_user	0xe0d68148	sceGeListUpdateStallAddr
sceGe_user	0xe47e40e4	sceGeEdramGetAddr
sceGe_user	0xe66cb92e	sceGeGetStack
sceHprm	0x1910b327	sceHprmPeekCurrentKey
sceHprm	0x208db1bd	sceHprmIsRemoteExist
sceHprm	0x219c58f1	sceHprmIsMicrophoneExist
sceHprm	0x2bcec83e	sceHprmPeekLatch
sceHprm	0x40d2f9f0	sceHprmReadLatch
sceHprm	0x444ed0b7	sceHprmUnregisterCallback
sceHprm	0x7e69eda4	sceHprmIsHeadphoneExist
sceHprm	0xc7154136	sceHprmRegisterCallback
sceHprm_driver	0x1910b327	sceHprmPeekCurrentKey
sceHprm_driver	0x1c5bc5a0	sceHprmInit
sceHprm_driver	0x208db1bd	sceHprmIsRemoteExist
sceHprm_driver	0x219c58f1	sceHprmIsMicrophoneExist
sceHprm_driver	0x2bcec83e	sceHprmPeekLatch
sceHprm_driver	0x2c7b8b05	sceHprmResume
sceHprm_driver	0x40d2f9f0	sceHprmReadLatch
sceHprm_driver	0x444ed0b7	sceHprmUnregisterCallback
sceHprm_driver	0x4d1e622c	sceHprmReset
sceHprm_driver	0x526bb7f4	sceHprmSuspend
sceHprm_driver	0x588845da	sceHprmEnd
sceHprm_driver	0x7b038374	sceHprmGetInternalState
sceHprm_driver	0x7e69eda4	sceHprmIsHeadphoneExist
sceHprm_driver	0x971ae8fb	sceHprm_driver_971AE8FB
sceHprm_driver	0xbad0828e	sceHprmGetModel
sceHprm_driver	0xc7154136	sceHprmRegisterCallback
sceHprm_driver	0xd22913db	sceHprmSetConnectCallback
sceHprm_driver	0xf04591fa	sceHprm_driver_F04591FA
sceHttp	0x0282a3bd	sceHttpGetContentLength
sceHttp	0x03d9526f	sceHttpSetResolveRetry
sceHttp	0x06488a1c	sceHttpSetCookieSendCallback
sceHttp	0x0809c831	sceHttpEnableRedirect
sceHttp	0x0b12abfb	sceHttpDisableCookie
sceHttp	0x0dafa58f	sceHttpEnableCookie
sceHttp	0x15540184	sceHttpDeleteHeader
sceHttp	0x1a0ebb69	sceHttpDisableRedirect
sceHttp	0x1cedb9d4	sceHttpFlushCache
sceHttp	0x1f0fc3e3	sceHttpSetRecvTimeOut
sceHttp	0x2255551e	sceHttpGetNetworkPspError
sceHttp	0x267618f4	sceHttpSetAuthInfoCallback
sceHttp	0x2a6c3296	sceHttpSetAuthInfoCB
sceHttp	0x2c3c82cf	sceHttpFlushAuthList
sceHttp	0x3a67f306	sceHttpSetCookieRecvCallback
sceHttp	0x3c478044	sceHttp_3C478044
sceHttp	0x3eaba285	sceHttpAddExtraHeader
sceHttp	0x457d221d	sceHttp_457D221D
sceHttp	0x47347b50	sceHttpCreateRequest
sceHttp	0x47940436	sceHttpSetResolveTimeOut
sceHttp	0x4cc7d78f	sceHttpGetStatusCode
sceHttp	0x4e4a284a	sceHttp_4E4A284A
sceHttp	0x5152773b	sceHttpDeleteConnection
sceHttp	0x54e7df75	sceHttpIsRequestInCache
sceHttp	0x569a1481	sceHttpsSetSslCallback
sceHttp	0x59e6d16f	sceHttpEnableCache
sceHttp	0x68ab0f86	sceHttpsInitWithPath
sceHttp	0x739c2d79	sceHttp_739C2D79
sceHttp	0x76d1363b	sceHttpSaveSystemCookie
sceHttp	0x7774bf4c	sceHttpAddCookie
sceHttp	0x77ee5319	sceHttp_77EE5319
sceHttp	0x78a0d3ec	sceHttpEnableKeepAlive
sceHttp	0x78b54c09	sceHttpEndCache
sceHttp	0x8046e250	sceHttp_8046E250
sceHttp	0x87797bdd	sceHttpsLoadDefaultCert
sceHttp	0x87f1e666	sceHttp_87F1E666
sceHttp	0x8acd1f73	sceHttpSetConnectTimeOut
sceHttp	0x8eefd953	sceHttpCreateConnection
sceHttp	0x951d310e	sceHttp_951D310E
sceHttp	0x9668864c	sceHttpSetRecvBlockSize
sceHttp	0x96f16d3e	sceHttpGetCookie
sceHttp	0x9988172d	sceHttpSetSendTimeOut
sceHttp	0x9afc98b2	sceHttpSendRequestInCacheFirstMode
sceHttp	0x9b1f1f36	sceHttpCreateTemplate
sceHttp	0x9fc5f10d	sceHttpEnableAuth
sceHttp	0xa4496de5	sceHttpSetRedirectCallback
sceHttp	0xa461a167	sceHttp_A461A167
sceHttp	0xa5512e01	sceHttpDeleteRequest
sceHttp	0xa6800c34	sceHttpInitCache
sceHttp	0xa909f2ae	sceHttp_A909F2AE
sceHttp	0xab1540d5	sceHttpsGetSslError
sceHttp	0xab1abe07	sceHttpInit
sceHttp	0xae948fee	sceHttpDisableAuth
sceHttp	0xb0257723	sceHttp_B0257723
sceHttp	0xb0c34b1d	sceHttpSetCacheContentLengthMaxSize
sceHttp	0xb3faf831	sceHttpsDisableOption
sceHttp	0xb509b09e	sceHttpCreateRequestWithURL
sceHttp	0xbac31bf1	sceHttpsEnableOption
sceHttp	0xbb70706f	sceHttpSendRequest
sceHttp	0xc0e69162	sceHttp_C0E69162
sceHttp	0xc10b6bd9	sceHttpAbortRequest
sceHttp	0xc6330b0d	sceHttp_C6330B0D
sceHttp	0xc7ef2559	sceHttpDisableKeepAlive
sceHttp	0xc98cbba7	sceHttpSetResHeaderMaxSize
sceHttp	0xcc920c12	sceHttp_CC920C12
sceHttp	0xccbd167a	sceHttpDisableCache
sceHttp	0xcdb0dc58	sceHttp_CDB0DC58
sceHttp	0xcdf8ecb9	sceHttpCreateConnectionWithURL
sceHttp	0xd081ec8f	sceHttpGetNetworkErrno
sceHttp	0xd11dab01	sceHttpsGetCaList
sceHttp	0xd1c8945e	sceHttpEnd
sceHttp	0xd29163da	sceHttp_D29163DA
sceHttp	0xd70d4847	sceHttpGetProxy
sceHttp	0xd80be761	sceHttp_D80BE761
sceHttp	0xdb266ccf	sceHttpGetAllHeader
sceHttp	0xdd6e7857	sceHttp_DD6E7857
sceHttp	0xe4d21302	sceHttpsInit
sceHttp	0xedeeb999	sceHttpReadData
sceHttp	0xf0f46c62	sceHttpSetProxy
sceHttp	0xf1657b22	sceHttpLoadSystemCookie
sceHttp	0xf49934f6	sceHttpSetMallocFunction
sceHttp	0xf9d8eb63	sceHttpsEnd
sceHttp	0xfcf8c055	sceHttpDeleteTemplate
sceIdStorage_driver	0x08a471a6	sceIdStorageCreateLeaf
sceIdStorage_driver	0x1fa4d135	sceIdStorageWriteLeaf
sceIdStorage_driver	0x2c97ab36	sceIdStorageDeleteLeaf
sceIdStorage_driver	0x2ce0be69	sceIdStorageEnd
sceIdStorage_driver	0x2d633688	sceIdStorageIsReadOnly
sceIdStorage_driver	0x31e08afb	sceIdStorageEnumId
sceIdStorage_driver	0x37833cb8	sceIdStorage_driver_37833CB8
sceIdStorage_driver	0x3ad32523	sceIdStorageFlush
sceIdStorage_driver	0x683aac10	sceIdStorageUpdate
sceIdStorage_driver	0x6fe062d1	sceIdStorageLookup
sceIdStorage_driver	0x958089db	sceIdStorageFormat
sceIdStorage_driver	0x99accb71	sceIdStorageCreateAtomicLeaves
sceIdStorage_driver	0xab129d20	sceIdStorageInit
sceIdStorage_driver	0xb9069bad	sceIdStorageIsDirty
sceIdStorage_driver	0xeb00c509	sceIdStorageReadLeaf
sceIdStorage_driver	0xeb830733	sceIdStorageGetLeafSize
sceIdStorage_driver	0xf4bcb3ee	sceIdStorageUnformat
sceIdStorage_driver	0xf77565b6	sceIdStorageSuspend
sceIdStorage_driver	0xfe51173d	sceIdStorageResume
sceIdStorage_driver	0xfefa40c2	sceIdStorageIsFormatted
sceImpose	0x0f341be4	sceImposeGetHomePopup
sceImpose	0x24fd7bcf	sceImposeGetLanguageMode
sceImpose	0x36aa6e91	sceImposeSetLanguageMode
sceImpose	0x381bd9e7	sceImposeHomeButton
sceImpose	0x5595a71a	sceImposeSetHomePopup
sceImpose	0x72189c48	sceImposeSetUMDPopup
sceImpose	0x8c943191	sceImposeBatteryIconStatus
sceImpose	0x8f6e3518	sceImposeGetBacklightOffTime
sceImpose	0x967f6d4a	sceImposeSetBacklightOffTime
sceImpose	0x9ba61b49	sceImpose_9BA61B49
sceImpose	0xa9884b00	sceImpose_A9884B00
sceImpose	0xbb3f5dec	sceImpose_BB3F5DEC
sceImpose	0xe0887bc8	sceImposeGetUMDPopup
sceImpose	0xfcd44963	sceImpose_FCD44963
sceImpose	0xff1a2f07	sceImpose_FF1A2F07
sceImpose_driver	0x0f341be4	sceImposeGetHomePopup
sceImpose_driver	0x116cff64	sceImposeCheckVideoOut
sceImpose_driver	0x116dded6	sceImposeSetVideoOutMode
sceImpose_driver	0x1aeed8fe	sceImposeSuspend
sceImpose_driver	0x1b6e3400	sceImposeGetStatus
sceImpose_driver	0x24fd7bcf	sceImposeGetLanguageMode
sceImpose_driver	0x36aa6e91	sceImposeSetLanguageMode
sceImpose_driver	0x381bd9e7	sceImposeHomeButton
sceImpose_driver	0x531c9778	sceImposeGetParam
sceImpose_driver	0x5595a71a	sceImposeSetHomePopup
sceImpose_driver	0x7084e72c	sceImpose_driver_7084E72C
sceImpose_driver	0x72189c48	sceImposeSetUMDPopup
sceImpose_driver	0x810fb7fb	sceImposeSetParam
sceImpose_driver	0x86924032	sceImposeResume
sceImpose_driver	0x8c943191	sceImposeGetBatteryIconStatus
sceImpose_driver	0x8f6e3518	sceImposeGetBacklightOffTime
sceImpose_driver	0x967f6d4a	sceImposeSetBacklightOffTime
sceImpose_driver	0x9c8c6c81	sceImposeSetStatus
sceImpose_driver	0x9dbce0c4	sceImpose_driver_9DBCE0C4
sceImpose_driver	0xb415fc59	sceImposeChanges
sceImpose_driver	0xbdbc42a6	sceImposeInit
sceImpose_driver	0xc7e36cc7	sceImposeEnd
sceImpose_driver	0xe0887bc8	sceImposeGetUMDPopup
sceJpeg	0x0425b986	sceJpeg_0425B986
sceJpeg	0x04b5ae02	sceJpegMJpegCsc
sceJpeg	0x04b93cef	sceJpegDecodeMJpeg
sceJpeg	0x227662d7	sceJpeg_227662D7
sceJpeg	0x48b602b7	sceJpegDeleteMJpeg
sceJpeg	0x64b6f978	sceJpeg_64B6F978
sceJpeg	0x67f0ed84	sceJpegCsc
sceJpeg	0x7d2f3d7f	sceJpegFinishMJpeg
sceJpeg	0x8f2bb012	sceJpegGetOutputInfo
sceJpeg	0x91eed83c	sceJpegDecodeMJpegYCbCr
sceJpeg	0x9b36444c	sceJpeg_9B36444C
sceJpeg	0x9d47469c	sceJpegCreateMJpeg
sceJpeg	0xac9e70e6	sceJpegInitMJpeg
sceKermitMemory_driver	0x80e1240a	sceKermitMemory_driver_80E1240A
sceKermitMemory_driver	0x90b662d0	sceKermitMemory_driver_90B662D0
sceKermitMemory_driver	0xaaf047ac	sceKermitMemorySetArgument
sceKermitMsfs_driver	0x1a4dc9b7	sceKermitMsfs_driver_1A4DC9B7
sceKermitMsfs_driver	0x7668d90c	sceKermitMsfs_driver_7668D90C
sceKermitMsfs_driver	0x93b61a29	sceKermitMsfs_driver_93B61A29
sceKermitMsfs_driver	0xbe954163	sceKermitMsfs_driver_BE954163
sceKermitMsfs_driver	0xc1b4213a	sceKermitMsfs_driver_C1B4213A
sceKermitMsfs_driver	0xead1d2c6	sceKermitMsfs_driver_EAD1D2C6
sceKermitPeripheral	0x4a26b7c8	sceKermitPeripheral_4A26B7C8
sceKermitPeripheral	0xc0ebc631	sceKermitPeripheral_C0EBC631
sceKermitPeripheral	0xd27c5e03	sceKermitPeripheral_D27C5E03
sceKermitPeripheral_driver	0x0648e1a3	sceKermitPeripheral_driver_0648E1A3
sceKermitPeripheral_driver	0x15f5c107	sceKermitPeripheral_driver_15F5C107
sceKermitPeripheral_driver	0x1617e966	sceKermitPeripheral_driver_1617E966
sceKermitPeripheral_driver	0x20638b97	sceKermitPeripheral_driver_20638B97
sceKermitPeripheral_driver	0x4a26b7c8	sceKermitPeripheral_driver_4A26B7C8
sceKermitPeripheral_driver	0x55d690dd	sceKermitPeripheral_driver_55D690DD
sceKermitPeripheral_driver	0x61bea1d2	sceKermitPeripheral_driver_61BEA1D2
sceKermitPeripheral_driver	0x65d98a21	sceKermitPeripheral_driver_65D98A21
sceKermitPeripheral_driver	0x675db2c1	sceKermitPeripheral_driver_675DB2C1
sceKermitPeripheral_driver	0x6d6aa215	sceKermitPeripheral_driver_6D6AA215
sceKermitPeripheral_driver	0x76be2e28	sceKermitPeripheral_driver_76BE2E28
sceKermitPeripheral_driver	0x8c7903e7	sceKermitPeripheral_driver_8C7903E7
sceKermitPeripheral_driver	0x9ef7501d	sceKermitPeripheral_driver_9EF7501D
sceKermitPeripheral_driver	0xab29c68b	sceKermitPeripheral_driver_AB29C68B
sceKermitPeripheral_driver	0xb778db22	sceKermitPeripheral_driver_B778DB22
sceKermitPeripheral_driver	0xb93a88e2	sceKermitPeripheral_driver_B93A88E2
sceKermitPeripheral_driver	0xc6f8b4e1	sceKermitPeripheral_driver_C6F8B4E1
sceKermitPeripheral_driver	0xd0a69002	sceKermitPeripheral_driver_D0A69002
sceKermit_driver	0x36666181	sceKermitSendRequest
sceKermit_driver	0x4c3a362d	sceKermit_driver_4C3A362D
sceKermit_driver	0x5280b410	sceKermitRegisterVirtualIntrHandler
sceKermit_driver	0x9ddd7dca	sceKermit_driver_9DDD7DCA
sceKermit_driver	0xd69c50bb	sceKermit_driver_D69C50BB
sceMp3	0x07ec321a	sceMp3ReserveMp3Handle
sceMp3	0x0840e808	sceMp3ResetPlayPositionByFrame
sceMp3	0x0db149f4	sceMp3NotifyAddStreamData
sceMp3	0x1b839b83	sceMp3LowLevelInit
sceMp3	0x2a368661	sceMp3ResetPlayPosition
sceMp3	0x3548aec8	sceMp3GetFrameNum
sceMp3	0x354d27ea	sceMp3GetSumDecodedSample
sceMp3	0x35750070	sceMp3InitResource
sceMp3	0x3c2fa058	sceMp3TermResource
sceMp3	0x3cef484f	sceMp3SetLoopNum
sceMp3	0x44e07129	sceMp3Init
sceMp3	0x732b042a	sceMp3_732B042A
sceMp3	0x7f696782	sceMp3GetMp3ChannelNum
sceMp3	0x87677e40	sceMp3GetBitRate
sceMp3	0x87c263d1	sceMp3GetMaxOutputSample
sceMp3	0x8ab81558	sceMp3_8AB81558
sceMp3	0x8f450998	sceMp3GetSamplingRate
sceMp3	0xa703fe0f	sceMp3GetInfoToAddStreamData
sceMp3	0xae6d2027	sceMp3GetMPEGVersion
sceMp3	0xd021c0fb	sceMp3Decode
sceMp3	0xd0a56296	sceMp3CheckStreamDataNeeded
sceMp3	0xd8f54a51	sceMp3GetLoopNum
sceMp3	0xe3ee2c81	sceMp3LowLevelDecode
sceMp3	0xf5478233	sceMp3ReleaseMp3Handle
sceMpeg	0x0e3c2e9d	sceMpegAvcDecode
sceMpeg	0x0f6c18d7	sceMpegAvcDecodeDetail
sceMpeg	0x11cab459	sceMpeg_11CAB459
sceMpeg	0x13407f13	sceMpegRingbufferDestruct
sceMpeg	0x167afd9e	sceMpegInitAu
sceMpeg	0x21ff80e4	sceMpegQueryStreamOffset
sceMpeg	0x234586ae	sceMpegChangeGetAvcAuMode
sceMpeg	0x37295ed8	sceMpegRingbufferConstruct
sceMpeg	0x3c37a7a6	sceMpeg_3C37A7A6
sceMpeg	0x42560f23	sceMpegRegistStream
sceMpeg	0x500f0429	sceMpegFlushStream
sceMpeg	0x591a4aa2	sceMpegUnRegistStream
sceMpeg	0x606a4649	sceMpegDelete
sceMpeg	0x611e9e11	sceMpegQueryStreamSize
sceMpeg	0x682a619b	sceMpegInit
sceMpeg	0x707b7629	sceMpegFlushAllStream
sceMpeg	0x740fccd1	sceMpegAvcDecodeStop
sceMpeg	0x800c44df	sceMpegAtracDecode
sceMpeg	0x874624d6	sceMpegFinish
sceMpeg	0x8c1e027d	sceMpegGetPcmAu
sceMpeg	0x988e9e12	sceMpeg_988E9E12
sceMpeg	0x9dcfb7ea	sceMpegChangeGetAuMode
sceMpeg	0xa11c7026	sceMpegAvcDecodeMode
sceMpeg	0xa780cf7e	sceMpegMallocAvcEsBuf
sceMpeg	0xb240a59e	sceMpegRingbufferPut
sceMpeg	0xb27711a8	sceMpeg_B27711A8
sceMpeg	0xb5f6dc87	sceMpegRingbufferAvailableSize
sceMpeg	0xc02cf6b5	sceMpegQueryPcmEsSize
sceMpeg	0xc132e22f	sceMpegQueryMemSize
sceMpeg	0xc345ded2	sceMpeg_C345DED2
sceMpeg	0xceb870b1	sceMpegFreeAvcEsBuf
sceMpeg	0xcf3547a2	sceMpegAvcDecodeDetail2
sceMpeg	0xd4dd6e75	sceMpeg_D4DD6E75
sceMpeg	0xd7a29f46	sceMpegRingbufferQueryMemSize
sceMpeg	0xd8c5f121	sceMpegCreate
sceMpeg	0xe1ce83a7	sceMpegGetAtracAu
sceMpeg	0xf8dcb679	sceMpegQueryAtracEsSize
sceMpeg	0xfe246728	sceMpegGetAvcAu
sceMpegbase	0x0530be4e	sceMpegbase_0530BE4E
sceMpegbase	0x304882e1	sceMpegbase_304882E1
sceMpegbase	0x492b5e4b	sceMpegBaseCscInit
sceMpegbase	0x7ac0321a	sceMpegBaseYCrCbCopy
sceMpegbase	0x91929a21	sceMpegBaseCscAvc
sceMpegbase	0xac9e717e	sceMpegbase_AC9E717E
sceMpegbase	0xbe45c284	sceMpegBaseYCrCbCopyVme
sceMpegbase	0xbea18f91	sceMpegbase_BEA18F91
sceMpegbase	0xce8eb837	sceMpegBaseCscVme
sceMpegbase_driver	0x0530be4e	sceMpegbase_driver_0530BE4E
sceMpegbase_driver	0x27a2982f	sceMpegBaseInit
sceMpegbase_driver	0x304882e1	sceMpegbase_driver_304882E1
sceMpegbase_driver	0x492b5e4b	sceMpegBaseCscInit
sceMpegbase_driver	0x7ac0321a	sceMpegBaseYCrCbCopy
sceMpegbase_driver	0x91929a21	sceMpegBaseCscAvc
sceMpegbase_driver	0xac9e717e	sceMpegbase_driver_AC9E717E
sceMpegbase_driver	0xbe45c284	sceMpegBaseYCrCbCopyVme
sceMpegbase_driver	0xbea18f91	sceMpegbase_BEA18F91
sceMpegbase_driver	0xce8eb837	sceMpegBaseCscVme
sceNand_driver	0x01f09203	sceNandIsBadBlock
sceNand_driver	0x0adc8686	sceNandWriteAccess
sceNand_driver	0x0f9bbbbd	sceNandResume
sceNand_driver	0x18b78661	sceNandVerifyEcc
sceNand_driver	0x2674cffe	sceNandEraseAllBlock
sceNand_driver	0x2ff6081b	sceNand_driver_2FF6081B
sceNand_driver	0x3f76bc21	sceNand_driver_3F76BC21
sceNand_driver	0x41ffa822	sceNandUnlock
sceNand_driver	0x5182c394	sceNandReadExtraOnly
sceNand_driver	0x5ac02755	sceNandVerifyBlockWithRetry
sceNand_driver	0x716cd2b2	sceNandWriteBlock
sceNand_driver	0x73a68408	sceNandSuspend
sceNand_driver	0x766756ef	sceNandReadAccess
sceNand_driver	0x7af7b77a	sceNandReset
sceNand_driver	0x84ee5d76	sceNandSetWriteProtect
sceNand_driver	0x8932166a	sceNand_driver_8932166A
sceNand_driver	0x8933b2e0	sceNandEraseBlockWithRetry
sceNand_driver	0x89bdca08	sceNandReadPages
sceNand_driver	0x8af0ab9f	sceNandWritePages
sceNand_driver	0x9b2ac433	sceNandTestBlock
sceNand_driver	0xa513bb12	sceNandInit
sceNand_driver	0xae4438c7	sceNandLock
sceNand_driver	0xb07c41d4	sceNandGetPagesPerBlock
sceNand_driver	0xb2b021e5	sceNandWriteBlockWithVerify
sceNand_driver	0xb795d2ed	sceNandCollectEcc
sceNand_driver	0xbadd5d46	sceNand_driver_BADD5D46
sceNand_driver	0xc1376222	sceNandGetTotalBlocks
sceNand_driver	0xc29da136	sceNand_driver_C29DA136
sceNand_driver	0xc32ea051	sceNandReadBlockWithRetry
sceNand_driver	0xc478c1de	sceNandReadPagesRawAll
sceNand_driver	0xc478c1de	sceNand_driver_C478C1DE
sceNand_driver	0xce9843e6	sceNandGetPageSize
sceNand_driver	0xd305870e	sceNandEnd
sceNand_driver	0xd897c343	sceNand_driver_D897C343
sceNand_driver	0xe05ae88d	sceNand_driver_E05AE88D
sceNand_driver	0xe41a11de	sceNandReadStatus
sceNand_driver	0xeb0a0022	sceNandEraseBlock
sceNand_driver	0xeba0e6c6	sceNand_driver_EBA0E6C6
sceNand_driver	0xef55f193	sceNandCalcEcc
sceNand_driver	0xfcdf7610	sceNandReadId
sceNet	0x0bf0a3ae	sceNetGetLocalEtherAddr
sceNet	0x281928a9	sceNetTerm
sceNet	0x39af39a6	sceNetInit
sceNet	0x50647530	sceNetFreeThreadinfo
sceNet	0x89360950	sceNetEtherNtostr
sceNet	0xad6844c6	sceNetThreadAbort
sceNet	0xcc393e48	sceNetGetMallocStat
sceNet	0xd27961c9	sceNetEtherStrton
sceNetAdhoc	0x0b2228e9	sceNetAdhocGameModeDeleteReplica
sceNetAdhoc	0x157e6225	sceNetAdhocPtpClose
sceNetAdhoc	0x3278ab0c	sceNetAdhocGameModeCreateReplica
sceNetAdhoc	0x4d2ce199	sceNetAdhocGetSocketAlert
sceNetAdhoc	0x4da4c788	sceNetAdhocPtpSend
sceNetAdhoc	0x6f92741b	sceNetAdhocPdpCreate
sceNetAdhoc	0x73bfd52d	sceNetAdhocSetSocketAlert
sceNetAdhoc	0x7a662d6b	sceNetAdhocPollSocket
sceNetAdhoc	0x7f27bb5e	sceNetAdhocPdpDelete
sceNetAdhoc	0x7f75c338	sceNetAdhocGameModeCreateMaster
sceNetAdhoc	0x877f6d66	sceNetAdhocPtpOpen
sceNetAdhoc	0x8bea2b3e	sceNetAdhocPtpRecv
sceNetAdhoc	0x98c204c8	sceNetAdhocGameModeUpdateMaster
sceNetAdhoc	0x9ac2eeac	sceNetAdhocPtpFlush
sceNetAdhoc	0x9df81198	sceNetAdhocPtpAccept
sceNetAdhoc	0xa0229362	sceNetAdhocGameModeDeleteMaster
sceNetAdhoc	0xa62c6f57	sceNetAdhocTerm
sceNetAdhoc	0xabed3790	sceNetAdhocPdpSend
sceNetAdhoc	0xb9685118	sceNetAdhocGetPtpStat
sceNetAdhoc	0xc7c1fc57	sceNetAdhocGetPdpStat
sceNetAdhoc	0xdfe53e03	sceNetAdhocPdpRecv
sceNetAdhoc	0xe08bdac1	sceNetAdhocPtpListen
sceNetAdhoc	0xe1d621d7	sceNetAdhocInit
sceNetAdhoc	0xfa324b4e	sceNetAdhocGameModeUpdateReplica
sceNetAdhoc	0xfc6fc07b	sceNetAdhocPtpConnect
sceNetAdhocMatching	0x2a2a1e07	sceNetAdhocMatchingInit
sceNetAdhocMatching	0x32b156b3	sceNetAdhocMatchingStop
sceNetAdhocMatching	0x40f8f435	sceNetAdhocMatchingGetPoolMaxAlloc
sceNetAdhocMatching	0x5e3d4b79	sceNetAdhocMatchingSelectTarget
sceNetAdhocMatching	0x7945ecda	sceNetAdhocMatchingTerm
sceNetAdhocMatching	0x8f58bedf	sceNetAdhocMatchingCancelTargetWithOpt
sceNetAdhocMatching	0x93ef3843	sceNetAdhocMatchingStart
sceNetAdhocMatching	0x9c5cfb7d	sceNetAdhocMatchingGetPoolStat
sceNetAdhocMatching	0xb58e61b7	sceNetAdhocMatchingSetHelloOpt
sceNetAdhocMatching	0xb5d96c2a	sceNetAdhocMatchingGetHelloOpt
sceNetAdhocMatching	0xc58bcd9e	sceNetAdhocMatchingGetMembers
sceNetAdhocMatching	0xca5eda6f	sceNetAdhocMatchingCreate
sceNetAdhocMatching	0xea3c6108	sceNetAdhocMatchingCancelTarget
sceNetAdhocMatching	0xec19337d	sceNetAdhocMatchingAbortSendData
sceNetAdhocMatching	0xf16eaf4f	sceNetAdhocMatchingDelete
sceNetAdhocMatching	0xf79472d7	sceNetAdhocMatchingSendData
sceNetAdhocctl	0x08fff7a0	sceNetAdhocctlScan
sceNetAdhocctl	0x0ad043ed	sceNetAdhocctlConnect
sceNetAdhocctl	0x1ff89745	sceNetAdhocctlJoinEnterGameMode
sceNetAdhocctl	0x20b317a0	sceNetAdhocctlAddHandler
sceNetAdhocctl	0x34401d65	sceNetAdhocctlDisconnect
sceNetAdhocctl	0x362cbe8f	sceNetAdhocctlGetAdhocId
sceNetAdhocctl	0x5a014ce0	sceNetAdhocctlGetGameModeInfo
sceNetAdhocctl	0x5e7f79c9	sceNetAdhocctlJoin
sceNetAdhocctl	0x6402490b	sceNetAdhocctlDelHandler
sceNetAdhocctl	0x75ecd386	sceNetAdhocctlGetState
sceNetAdhocctl	0x81aee1be	sceNetAdhocctlGetScanInfo
sceNetAdhocctl	0x8916c003	sceNetAdhocctlGetNameByAddr
sceNetAdhocctl	0x8db83fdc	sceNetAdhocctlGetPeerInfo
sceNetAdhocctl	0x99560abe	sceNetAdhocctlGetAddrByName
sceNetAdhocctl	0x9d689e13	sceNetAdhocctlTerm
sceNetAdhocctl	0xa5c055ce	sceNetAdhocctlCreateEnterGameMode
sceNetAdhocctl	0xcf8e084d	sceNetAdhocctlExitGameMode
sceNetAdhocctl	0xded9d28e	sceNetAdhocctlGetParameter
sceNetAdhocctl	0xe162cb14	sceNetAdhocctlGetPeerList
sceNetAdhocctl	0xe26f226e	sceNetAdhocctlInit
sceNetAdhocctl	0xec0635c1	sceNetAdhocctlCreate
sceNetApctl	0x24fe91a1	sceNetApctlDisconnect
sceNetApctl	0x2befdf23	sceNetApctlGetInfo
sceNetApctl	0x5963991b	sceNetApctlDelHandler
sceNetApctl	0x5deac81b	sceNetApctlGetState
sceNetApctl	0x8abadd51	sceNetApctlAddHandler
sceNetApctl	0xb3edd0ec	sceNetApctlTerm
sceNetApctl	0xcfb957c6	sceNetApctlConnect
sceNetApctl	0xe2f91f9b	sceNetApctlInit
sceNetInet	0x05038fc7	sceNetInetSendto
sceNetInet	0x162e6fd5	sceNetInetGetsockname
sceNetInet	0x17943399	sceNetInetInit
sceNetInet	0x1a33f9ae	sceNetInetBind
sceNetInet	0x1bdf5d13	sceNetInetInetAton
sceNetInet	0x2fe71fe7	sceNetInetSetsockopt
sceNetInet	0x39b0c7d3	sceNetInetGetUdpcbstat
sceNetInet	0x410b34aa	sceNetInetConnect
sceNetInet	0x4a114c7c	sceNetInetGetsockopt
sceNetInet	0x4cfe4e56	sceNetInetShutdown
sceNetInet	0x5be8d595	sceNetInetSelect
sceNetInet	0x774e36f4	sceNetInetSendmsg
sceNetInet	0x7aa671bc	sceNetInetSend
sceNetInet	0x805502dd	sceNetInetCloseWithRST
sceNetInet	0x80a21abd	sceNetInetSocketAbort
sceNetInet	0x8b7b220f	sceNetInetSocket
sceNetInet	0x8d7284ea	sceNetInetClose
sceNetInet	0xa9ed66b9	sceNetInetTerm
sceNetInet	0xb3888ad4	sceNetInetGetTcpcbstat
sceNetInet	0xb75d5b0a	sceNetInetInetAddr
sceNetInet	0xc91142e4	sceNetInetRecvfrom
sceNetInet	0xcda85c99	sceNetInetRecv
sceNetInet	0xd0792666	sceNetInetInetNtop
sceNetInet	0xd10a1a7a	sceNetInetListen
sceNetInet	0xdb094e1b	sceNetInetAccept
sceNetInet	0xe247b6d6	sceNetInetGetpeername
sceNetInet	0xe30b8c19	sceNetInetInetPton
sceNetInet	0xeece61d2	sceNetInetRecvmsg
sceNetInet	0xfaabb1dd	sceNetInetPoll
sceNetInet	0xfbabe411	sceNetInetGetErrno
sceNetResolver	0x224c5f44	sceNetResolverStartNtoA
sceNetResolver	0x244172af	sceNetResolverCreate
sceNetResolver	0x6138194a	sceNetResolverTerm
sceNetResolver	0x629e2fb7	sceNetResolverStartAtoN
sceNetResolver	0x808f6063	sceNetResolverStop
sceNetResolver	0x94523e09	sceNetResolverDelete
sceNetResolver	0xf3370e61	sceNetResolverInit
sceNet_lib	0x03164b12	sceNet_lib_03164B12
sceNet_lib	0x05d525e4	sceNet_lib_05D525E4
sceNet_lib	0x0a5a8751	sceNet_lib_0A5A8751
sceNet_lib	0x0d633f53	sceNet_lib_0D633F53
sceNet_lib	0x0dff67f9	sceNet_lib_0DFF67F9
sceNet_lib	0x13672f83	sceNet_lib_13672F83
sceNet_lib	0x13a8b98a	sceNet_lib_13A8B98A
sceNet_lib	0x1858883d	sceNetRand
sceNet_lib	0x1d10419c	sceNet_lib_1D10419C
sceNet_lib	0x1f94afd9	sceNet_lib_1F94AFD9
sceNet_lib	0x205e8d17	sceNet_lib_205E8D17
sceNet_lib	0x25cc373a	sceNet_lib_25CC373A
sceNet_lib	0x2b42872f	sceNet_lib_2B42872F
sceNet_lib	0x2e005032	sceNet_lib_2E005032
sceNet_lib	0x31f3cda1	sceNet_lib_31F3CDA1
sceNet_lib	0x33b230bd	sceNet_lib_33B230BD
sceNet_lib	0x389728ab	sceNet_lib_389728AB
sceNet_lib	0x3b617aa0	sceNet_lib_3B617AA0
sceNet_lib	0x41621eb0	sceNet_lib_41621EB0
sceNet_lib	0x41fd8b5c	sceNet_lib_41FD8B5C
sceNet_lib	0x435843cb	sceNet_lib_435843CB
sceNet_lib	0x45452b7b	sceNet_lib_45452B7B
sceNet_lib	0x45945e8d	sceNet_lib_45945E8D
sceNet_lib	0x4b2b3416	sceNet_lib_4B2B3416
sceNet_lib	0x4bf9e1de	sceNet_lib_4BF9E1DE
sceNet_lib	0x4c8fd452	sceNet_lib_4C8FD452
sceNet_lib	0x4f8f3808	sceNet_lib_4F8F3808
sceNet_lib	0x515b2f33	sceNet_lib_515B2F33
sceNet_lib	0x51c209b2	sceNet_lib_51C209B2
sceNet_lib	0x5216cbf5	sceNet_lib_5216CBF5
sceNet_lib	0x522a971b	sceNet_lib_522A971B
sceNet_lib	0x5505d820	sceNet_lib_5505D820
sceNet_lib	0x572ad6ed	sceNet_lib_572AD6ED
sceNet_lib	0x5c7c7381	sceNet_lib_5C7C7381
sceNet_lib	0x5ed457be	sceNet_lib_5ED457BE
sceNet_lib	0x6b294ee4	sceNet_lib_6B294EE4
sceNet_lib	0x6d5d42d7	sceNet_lib_6D5D42D7
sceNet_lib	0x6dc71518	sceNet_lib_6DC71518
sceNet_lib	0x701dddc3	sceNet_lib_701DDDC3
sceNet_lib	0x710bd467	sceNet_lib_710BD467
sceNet_lib	0x757085b0	sceNet_lib_757085B0
sceNet_lib	0x7574fda1	sceNet_lib_7574FDA1
sceNet_lib	0x75d9985c	sceNet_lib_75D9985C
sceNet_lib	0x7ae91fb4	sceNet_lib_7AE91FB4
sceNet_lib	0x7ba3ed91	sceNet_lib_7BA3ED91
sceNet_lib	0x7c3b86c5	sceNet_lib_7C3B86C5
sceNet_lib	0x7c86fba4	sceNet_lib_7C86FBA4
sceNet_lib	0x80e1933e	sceNet_lib_80E1933E
sceNet_lib	0x83fe280a	sceNet_lib_83FE280A
sceNet_lib	0x86b6dcd9	sceNet_lib_86B6DCD9
sceNet_lib	0x87dc7a7e	sceNet_lib_87DC7A7E
sceNet_lib	0x891723d5	sceNet_lib_891723D5
sceNet_lib	0x8c55b410	sceNet_lib_8C55B410
sceNet_lib	0x8d33c11d	sceNetConfigGetEtherAddr
sceNet_lib	0x92633d8d	sceNet_lib_92633D8D
sceNet_lib	0x949f1fbb	sceNet_lib_949F1FBB
sceNet_lib	0x94b44f26	sceNet_lib_94B44F26
sceNet_lib	0x976ab1e9	sceNet_lib_976AB1E9
sceNet_lib	0x991ff86d	sceNet_lib_991FF86D
sceNet_lib	0xa55c914f	sceNet_lib_A55C914F
sceNet_lib	0xa8b6205a	sceNet_lib_A8B6205A
sceNet_lib	0xa93a93e9	sceNet_lib_A93A93E9
sceNet_lib	0xab7dd9a5	sceNet_lib_AB7DD9A5
sceNet_lib	0xafa11338	sceNet_lib_AFA11338
sceNet_lib	0xb20f84f8	sceNet_lib_B20F84F8
sceNet_lib	0xb3a48b7f	sceNet_lib_B3A48B7F
sceNet_lib	0xb68e1eea	sceNet_lib_B68E1EEA
sceNet_lib	0xb6fc0a5b	sceNet_lib_B6FC0A5B
sceNet_lib	0xb8c4a858	sceNet_lib_B8C4A858
sceNet_lib	0xb9c780c7	sceNet_lib_B9C780C7
sceNet_lib	0xbb2b3ddb	sceNet_lib_BB2B3DDB
sceNet_lib	0xbfcfeff6	sceNet_lib_BFCFEFF6
sceNet_lib	0xc21e18b2	sceNet_lib_C21E18B2
sceNet_lib	0xc2ec2eea	sceNet_lib_C2EC2EEA
sceNet_lib	0xc4261339	sceNet_lib_C4261339
sceNet_lib	0xc431a214	sceNet_lib_C431A214
sceNet_lib	0xc9c97945	sceNet_lib_C9C97945
sceNet_lib	0xca3cf5eb	sceNet_lib_CA3CF5EB
sceNet_lib	0xd1be2ce9	sceNet_lib_D1BE2CE9
sceNet_lib	0xd2422e4d	sceNet_lib_D2422E4D
sceNet_lib	0xd5a03bc0	sceNet_lib_D5A03BC0
sceNet_lib	0xd5b64e37	sceNet_lib_D5B64E37
sceNet_lib	0xd60225a3	sceNet_lib_D60225A3
sceNet_lib	0xd861ef33	sceNet_lib_D861EF33
sceNet_lib	0xda02f383	sceNet_lib_DA02F383
sceNet_lib	0xdb88f458	sceNet_lib_DB88F458
sceNet_lib	0xdcbc596e	sceNet_lib_DCBC596E
sceNet_lib	0xe155112d	sceNet_lib_E155112D
sceNet_lib	0xe1f4696f	sceNet_lib_E1F4696F
sceNet_lib	0xea42b353	sceNet_lib_EA42B353
sceNet_lib	0xeb6de71a	sceNet_lib_EB6DE71A
sceNet_lib	0xedb11cb4	sceNet_lib_EDB11CB4
sceNet_lib	0xedcc871e	sceNet_lib_EDCC871E
sceNet_lib	0xf355c73b	sceNet_lib_F355C73B
sceNet_lib	0xf6db0a0b	sceNet_lib_F6DB0A0B
sceNet_lib	0xfa6de6a6	sceNet_lib_FA6DE6A6
sceOpenPSID	0xc69bebce	sceOpenPSIDGetOpenPSID
scePaf	0x00d1378f	scePaf_00D1378F
scePaf	0x01a35c15	scePaf_01A35C15
scePaf	0x01c2fc36	scePaf_01C2FC36
scePaf	0x01cf521e	scePaf_01CF521E
scePaf	0x04ef78cd	scePaf_04EF78CD
scePaf	0x05073826	scePaf_05073826
scePaf	0x0598ffd6	scePaf_0598FFD6
scePaf	0x05eee8a6	scePaf_05EEE8A6
scePaf	0x06bb62b7	scePaf_06BB62B7
scePaf	0x06ea7cde	scePaf_06EA7CDE
scePaf	0x07216006	png_get_tRNS
scePaf	0x07a5f495	scePaf_07A5F495
scePaf	0x08a02eff	scePaf_08A02EFF
scePaf	0x08dd2d50	scePaf_08DD2D50
scePaf	0x09ac6844	scePaf_09AC6844
scePaf	0x09f5941e	sqrtf
scePaf	0x0a189a1a	scePaf_0A189A1A
scePaf	0x0aedcda1	scePaf_0AEDCDA1
scePaf	0x0c66b594	scePaf_0C66B594
scePaf	0x0c6eea21	scePaf_0C6EEA21
scePaf	0x0cfdbe2f	scePaf_0CFDBE2F
scePaf	0x0e8a3b52	scePaf_0E8A3B52
scePaf	0x0ed80b09	scePaf_0ED80B09
scePaf	0x0f2615a4	scePaf_0F2615A4
scePaf	0x0f3527dd	scePaf_0F3527DD
scePaf	0x0fb7d433	scePaf_0FB7D433
scePaf	0x0ffa3ece	scePaf_0FFA3ECE
scePaf	0x10b901e7	scePaf_10B901E7
scePaf	0x10c1db70	scePaf_10C1DB70
scePaf	0x10f3bb61	memset
scePaf	0x11361f12	scePaf_11361F12
scePaf	0x11ef5210	scePaf_11EF5210
scePaf	0x1232b7a3	scePaf_1232B7A3
scePaf	0x12c50a9d	scePaf_12C50A9D
scePaf	0x132148fd	scePaf_132148FD
scePaf	0x139d9047	scePaf_139D9047
scePaf	0x149cdeb9	scePaf_149CDEB9
scePaf	0x14ce7f6f	scePaf_14CE7F6F
scePaf	0x14d80c40	scePaf_14D80C40
scePaf	0x15939bb8	scePaf_15939BB8
scePaf	0x15ef8e18	scePaf_15EF8E18
scePaf	0x16033f84	scePaf_16033F84
scePaf	0x17308fc9	scePaf_17308FC9
scePaf	0x1811ad32	scePaf_1811AD32
scePaf	0x1943b875	scePaf_1943B875
scePaf	0x199896a3	scePaf_199896A3
scePaf	0x19a779e2	scePaf_19A779E2
scePaf	0x1a1f232f	png_set_sig_bytes
scePaf	0x1a45c860	scePaf_1A45C860
scePaf	0x1a468b86	scePaf_1A468B86
scePaf	0x1ad33d73	scePaf_1AD33D73
scePaf	0x1bdff258	png_set_read_fn
scePaf	0x1c286704	scePaf_1C286704
scePaf	0x1d5d9a68	scePaf_1D5D9A68
scePaf	0x1f0b8678	scePaf_1F0B8678
scePaf	0x1f0e9712	scePaf_1F0E9712
scePaf	0x1f43b8a2	scePaf_1F43B8A2
scePaf	0x206c1f70	scePaf_206C1F70
scePaf	0x20f5234e	scePaf_20F5234E
scePaf	0x211a764a	png_destroy_read_struct
scePaf	0x2120282a	scePaf_2120282A
scePaf	0x21a0c6e0	scePaf_21A0C6E0
scePaf	0x21a183a7	scePaf_21A183A7
scePaf	0x21b885b8	scePaf_21B885B8
scePaf	0x21dbff5b	scePaf_21DBFF5B
scePaf	0x222526b6	scePaf_222526B6
scePaf	0x224c33f0	scePaf_224C33F0
scePaf	0x22b0d7d8	scePaf_22B0D7D8
scePaf	0x2313ddca	scePaf_2313DDCA
scePaf	0x25391e36	scePaf_25391E36
scePaf	0x256218c2	scePaf_256218C2
scePaf	0x26168dd3	scePaf_26168DD3
scePaf	0x26de971c	scePaf_26DE971C
scePaf	0x26df747f	scePaf_26DF747F
scePaf	0x2750cf68	scePaf_2750CF68
scePaf	0x275bcdc6	scePaf_275BCDC6
scePaf	0x27760582	scePaf_27760582
scePaf	0x27f64616	scePaf_27F64616
scePaf	0x28c54317	scePaf_28C54317
scePaf	0x28f8de83	scePaf_28F8DE83
scePaf	0x293a01d8	scePaf_293A01D8
scePaf	0x296897bc	scePaf_296897BC
scePaf	0x296ed0ef	scePaf_296ED0EF
scePaf	0x298246cd	scePaf_298246CD
scePaf	0x29dc646f	scePaf_29DC646F
scePaf	0x2a2eb136	scePaf_2A2EB136
scePaf	0x2a6499a5	scePaf_2A6499A5
scePaf	0x2aa80564	scePaf_2AA80564
scePaf	0x2aa842b0	scePaf_2AA842B0
scePaf	0x2c5d3e63	scePaf_2C5D3E63
scePaf	0x2cb6fbbe	scePaf_2CB6FBBE
scePaf	0x2cfae498	scePaf_2CFAE498
scePaf	0x2d08ca09	scePaf_2D08CA09
scePaf	0x2d79697e	scePaf_2D79697E
scePaf	0x2e6ca751	scePaf_2E6CA751
scePaf	0x2eabf548	scePaf_2EABF548
scePaf	0x2fa0eddc	scePaf_2FA0EDDC
scePaf	0x2fa84441	scePaf_2FA84441
scePaf	0x2fdc80b3	scePaf_2FDC80B3
scePaf	0x2ff0a287	scePaf_2FF0A287
scePaf	0x30f5e7df	scePaf_30F5E7DF
scePaf	0x3188e7db	scePaf_3188E7DB
scePaf	0x3291bddd	scePaf_3291BDDD
scePaf	0x32a70c80	scePaf_32A70C80
scePaf	0x32b27add	scePaf_32B27ADD
scePaf	0x33096e46	scePaf_33096E46
scePaf	0x3342c5f5	scePaf_3342C5F5
scePaf	0x338c3774	scePaf_338C3774
scePaf	0x3481f595	scePaf_3481F595
scePaf	0x34c7d69a	scePaf_34C7D69A
scePaf	0x34c973b6	scePaf_34C973B6
scePaf	0x3586be05	scePaf_3586BE05
scePaf	0x359cbcaf	scePaf_359CBCAF
scePaf	0x35f003c0	scePaf_35F003C0
scePaf	0x35f25ba1	scePaf_35F25BA1
scePaf	0x360956cc	scePaf_360956CC
scePaf	0x3684d457	scePaf_3684D457
scePaf	0x369e597a	scePaf_369E597A
scePaf	0x36cb5601	scePaf_36CB5601
scePaf	0x37a98ae9	scePaf_37A98AE9
scePaf	0x37dd37b8	scePaf_37DD37B8
scePaf	0x37ddbdd8	scePaf_37DDBDD8
scePaf	0x3829ac24	scePaf_3829AC24
scePaf	0x38316a7d	scePaf_38316A7D
scePaf	0x38f12307	png_get_IHDR
scePaf	0x3987b5c4	scePaf_3987B5C4
scePaf	0x39b36025	scePaf_39B36025
scePaf	0x39c55c03	scePaf_39C55C03
scePaf	0x39f89900	scePaf_39F89900
scePaf	0x3a4934e3	scePaf_3A4934E3
scePaf	0x3a844b7b	scePaf_3A844B7B
scePaf	0x3c68dcb7	scePaf_3C68DCB7
scePaf	0x3d451de8	scePaf_3D451DE8
scePaf	0x3dbe861f	scePaf_3DBE861F
scePaf	0x3dd2a27b	scePaf_3DD2A27B
scePaf	0x3e203aeb	Heap_Alloc
scePaf	0x3f52824f	scePaf_3F52824F
scePaf	0x3f81333a	scePaf_3F81333A
scePaf	0x3fbd9639	scePaf_3FBD9639
scePaf	0x409e25a3	scePaf_409E25A3
scePaf	0x40b21f4f	scePaf_40B21F4F
scePaf	0x40c95283	scePaf_40C95283
scePaf	0x4129a915	scePaf_4129A915
scePaf	0x41a7bdd2	scePaf_41A7BDD2
scePaf	0x41b724a5	scePaf_41B724A5
scePaf	0x41bcfb59	scePaf_41BCFB59
scePaf	0x42f43213	scePaf_42F43213
scePaf	0x43374e9e	scePaf_43374E9E
scePaf	0x4370175a	scePaf_4370175A
scePaf	0x442f1731	scePaf_442F1731
scePaf	0x447974d1	scePaf_447974D1
scePaf	0x449c8821	scePaf_449C8821
scePaf	0x44a0bce4	scePaf_44A0BCE4
scePaf	0x44aaf96c	scePaf_44AAF96C
scePaf	0x44eb8c62	scePaf_44EB8C62
scePaf	0x45386654	scePaf_45386654
scePaf	0x458a9c95	scePaf_458A9C95
scePaf	0x45d851d1	scePaf_45D851D1
scePaf	0x4612db4b	scePaf_4612DB4B
scePaf	0x4708aed4	scePaf_4708AED4
scePaf	0x470abd60	scePaf_470ABD60
scePaf	0x47e35a50	scePaf_47E35A50
scePaf	0x481c9ada	malloc
scePaf	0x48b5c1c0	scePaf_48B5C1C0
scePaf	0x49a81b18	scePaf_49A81B18
scePaf	0x49ce42f7	scePaf_49CE42F7
scePaf	0x4ab0d3f4	scePaf_4AB0D3F4
scePaf	0x4adaef94	scePaf_4ADAEF94
scePaf	0x4af8e417	scePaf_4AF8E417
scePaf	0x4b1a374c	scePaf_4B1A374C
scePaf	0x4b4f39fc	scePaf_4B4F39FC
scePaf	0x4bdeb2a8	scePaf_4BDEB2A8
scePaf	0x4c5f6657	scePaf_4C5F6657
scePaf	0x4c8c2e25	scePaf_4C8C2E25
scePaf	0x4d4805af	scePaf_4D4805AF
scePaf	0x4d810fdc	scePaf_4D810FDC
scePaf	0x4e60e34c	scePaf_4E60E34C
scePaf	0x4e67bb08	scePaf_4E67BB08
scePaf	0x4ea868e6	scePaf_4EA868E6
scePaf	0x4fc2470c	scePaf_4FC2470C
scePaf	0x4fca0de9	scePaf_4FCA0DE9
scePaf	0x4ff65bdc	scePaf_4FF65BDC
scePaf	0x501e9bc9	scePaf_501E9BC9
scePaf	0x503ba324	scePaf_503BA324
scePaf	0x503fa456	scePaf_503FA456
scePaf	0x5045c01f	scePaf_5045C01F
scePaf	0x5075c799	scePaf_5075C799
scePaf	0x50b0c0a1	scePaf_50B0C0A1
scePaf	0x50dc7446	scePaf_50DC7446
scePaf	0x50f72192	scePaf_50F72192
scePaf	0x50fffcd2	scePaf_50FFFCD2
scePaf	0x5148efe2	scePaf_5148EFE2
scePaf	0x515ee222	scePaf_515EE222
scePaf	0x51aaaaf4	scePaf_51AAAAF4
scePaf	0x51ff9d24	scePaf_51FF9D24
scePaf	0x533f3856	scePaf_533F3856
scePaf	0x537d04c6	scePaf_537D04C6
scePaf	0x541f36e9	scePaf_541F36E9
scePaf	0x5458e412	scePaf_5458E412
scePaf	0x545fe2da	scePaf_545FE2DA
scePaf	0x5470b915	scePaf_5470B915
scePaf	0x548aa4e7	scePaf_548AA4E7
scePaf	0x54c0dd23	scePaf_54C0DD23
scePaf	0x55c7628a	scePaf_55C7628A
scePaf	0x55cc4749	scePaf_55CC4749
scePaf	0x566bc690	scePaf_566BC690
scePaf	0x56f4d69f	scePaf_56F4D69F
scePaf	0x5822f12a	scePaf_5822F12A
scePaf	0x585b93bc	scePaf_585B93BC
scePaf	0x58846df3	scePaf_58846DF3
scePaf	0x58bfc2ac	scePaf_58BFC2AC
scePaf	0x58c69bda	scePaf_58C69BDA
scePaf	0x5a818e41	scePaf_5A818E41
scePaf	0x5a8d4bdb	scePaf_5A8D4BDB
scePaf	0x5b202aed	scePaf_5B202AED
scePaf	0x5c4bf618	scePaf_5C4BF618
scePaf	0x5c5f727c	scePaf_5C5F727C
scePaf	0x5ca7f421	scePaf_5CA7F421
scePaf	0x5ce11c03	scePaf_5CE11C03
scePaf	0x5d242d11	scePaf_5D242D11
scePaf	0x5d786cdd	scePaf_5D786CDD
scePaf	0x5d7f1f27	scePaf_5D7F1F27
scePaf	0x5db527d4	scePaf_5DB527D4
scePaf	0x5de0445f	scePaf_5DE0445F
scePaf	0x5dfb5858	scePaf_5DFB5858
scePaf	0x5ebc648f	scePaf_5EBC648F
scePaf	0x5efc5387	scePaf_5EFC5387
scePaf	0x5fac9869	scePaf_5FAC9869
scePaf	0x602eb0ce	scePaf_602EB0CE
scePaf	0x607713a6	scePaf_607713A6
scePaf	0x60cbb63f	scePaf_60CBB63F
scePaf	0x60deca7e	scePaf_60DECA7E
scePaf	0x613e9aa2	scePaf_613E9AA2
scePaf	0x61b105c0	scePaf_61B105C0
scePaf	0x62081f34	scePaf_62081F34
scePaf	0x626d68a1	scePaf_626D68A1
scePaf	0x63b24f4d	scePaf_63B24F4D
scePaf	0x63ea1815	scePaf_63EA1815
scePaf	0x64775957	scePaf_64775957
scePaf	0x6528115d	png_create_read_struct
scePaf	0x65920294	scePaf_65920294
scePaf	0x65c19ac0	scePaf_65C19AC0
scePaf	0x6676faa6	scePaf_6676FAA6
scePaf	0x66907719	scePaf_66907719
scePaf	0x669de9b1	scePaf_669DE9B1
scePaf	0x66fe90d7	scePaf_66FE90D7
scePaf	0x672036fe	scePaf_672036FE
scePaf	0x6741c662	scePaf_6741C662
scePaf	0x6797988c	scePaf_6797988C
scePaf	0x67c7567e	scePaf_67C7567E
scePaf	0x6829d7af	scePaf_6829D7AF
scePaf	0x6840d208	scePaf_6840D208
scePaf	0x68569aac	scePaf_68569AAC
scePaf	0x695bcd34	scePaf_695BCD34
scePaf	0x69ca1a2d	scePaf_69CA1A2D
scePaf	0x6a14bb04	scePaf_6A14BB04
scePaf	0x6a772bf7	scePaf_6A772BF7
scePaf	0x6b1e90c7	scePaf_6B1E90C7
scePaf	0x6b678d44	scePaf_6B678D44
scePaf	0x6ba9c299	scePaf_6BA9C299
scePaf	0x6bac756b	scePaf_6BAC756B
scePaf	0x6c234a6a	scePaf_6C234A6A
scePaf	0x6c386158	scePaf_6C386158
scePaf	0x6c4976af	scePaf_6C4976AF
scePaf	0x6ce39ef8	scePaf_6CE39EF8
scePaf	0x6cf44237	scePaf_6CF44237
scePaf	0x6d491648	Heap_Create
scePaf	0x6dd28f44	scePaf_6DD28F44
scePaf	0x6e1b5b50	scePaf_6E1B5B50
scePaf	0x6e3e2085	scePaf_6E3E2085
scePaf	0x6e94ba7b	scePaf_6E94BA7B
scePaf	0x6e95efaa	scePaf_6E95EFAA
scePaf	0x6f33d1df	scePaf_6F33D1DF
scePaf	0x6f74f263	scePaf_6F74F263
scePaf	0x70b92642	scePaf_70B92642
scePaf	0x71460f7c	scePaf_71460F7C
scePaf	0x715e8dab	scePaf_715E8DAB
scePaf	0x71712601	scePaf_71712601
scePaf	0x71edad83	scePaf_71EDAD83
scePaf	0x72129cfb	scePaf_72129CFB
scePaf	0x72514a05	scePaf_72514A05
scePaf	0x72a0044d	scePaf_72A0044D
scePaf	0x7333e75a	png_set_packing
scePaf	0x73712598	scePaf_73712598
scePaf	0x73d49419	scePaf_73D49419
scePaf	0x7435c5d5	scePaf_7435C5D5
scePaf	0x75062bcf	scePaf_75062BCF
scePaf	0x75a553a2	scePaf_75A553A2
scePaf	0x75dba857	scePaf_75DBA857
scePaf	0x76491eea	scePaf_76491EEA
scePaf	0x76d5a950	scePaf_76D5A950
scePaf	0x7771bc86	scePaf_7771BC86
scePaf	0x777635b9	scePaf_777635B9
scePaf	0x77d981f5	scePaf_77D981F5
scePaf	0x78054045	scePaf_78054045
scePaf	0x78219d10	scePaf_78219D10
scePaf	0x7894b61f	png_error
scePaf	0x78f94d84	scePaf_78F94D84
scePaf	0x79293604	scePaf_79293604
scePaf	0x79493f8f	scePaf_79493F8F
scePaf	0x7952ae83	scePaf_7952AE83
scePaf	0x79c3cbf7	scePaf_79C3CBF7
scePaf	0x79e57caf	scePaf_79E57CAF
scePaf	0x79f4ae65	scePaf_79F4AE65
scePaf	0x7afd6b74	png_create_info_struct
scePaf	0x7b099943	scePaf_7B099943
scePaf	0x7b6f0e32	scePaf_7B6F0E32
scePaf	0x7bbd70f0	scePaf_7BBD70F0
scePaf	0x7bed034e	scePaf_7BED034E
scePaf	0x7c2c2742	scePaf_7C2C2742
scePaf	0x7c31f453	scePaf_7C31F453
scePaf	0x7d83fb20	scePaf_7D83FB20
scePaf	0x7d9a4824	scePaf_7D9A4824
scePaf	0x7dde0658	scePaf_7DDE0658
scePaf	0x7e304dcf	scePaf_7E304DCF
scePaf	0x7ec15225	scePaf_7EC15225
scePaf	0x7edcc45e	floorf
scePaf	0x7f2442dc	scePaf_7F2442DC
scePaf	0x7f7791a1	scePaf_7F7791A1
scePaf	0x809a4f83	scePaf_809A4F83
scePaf	0x8117e6c8	scePaf_8117E6C8
scePaf	0x8159eb28	scePaf_8159EB28
scePaf	0x81667058	scePaf_81667058
scePaf	0x81d0d1f7	memcmp
scePaf	0x81fd71a9	scePaf_81FD71A9
scePaf	0x820c80e6	acosf
scePaf	0x83944053	scePaf_83944053
scePaf	0x8406f469	scePaf_8406F469
scePaf	0x84240c1d	scePaf_84240C1D
scePaf	0x84485f54	scePaf_84485F54
scePaf	0x846e1f0a	scePaf_846E1F0A
scePaf	0x84913a3a	scePaf_84913A3A
scePaf	0x849ed670	scePaf_849ED670
scePaf	0x84a71447	scePaf_84A71447
scePaf	0x84bd418f	scePaf_84BD418F
scePaf	0x85112756	scePaf_85112756
scePaf	0x86237eb3	scePaf_86237EB3
scePaf	0x86a5ae7d	scePaf_86A5AE7D
scePaf	0x86b41ba3	scePaf_86B41BA3
scePaf	0x86c87e62	scePaf_86C87E62
scePaf	0x872f948b	scePaf_872F948B
scePaf	0x87516c3b	scePaf_87516C3B
scePaf	0x87e5f9c7	scePaf_87E5F9C7
scePaf	0x8860b0fd	scePaf_8860B0FD
scePaf	0x88d73aed	scePaf_88D73AED
scePaf	0x891b7f7f	scePaf_891B7F7F
scePaf	0x89582fd0	scePaf_89582FD0
scePaf	0x8a51ba1e	scePaf_8A51BA1E
scePaf	0x8a861692	Heap_Destroy
scePaf	0x8ab03d91	scePaf_8AB03D91
scePaf	0x8b439a23	scePaf_8B439A23
scePaf	0x8ba04801	scePaf_8BA04801
scePaf	0x8c1ed07b	scePaf_8C1ED07B
scePaf	0x8cdedc6f	scePaf_8CDEDC6F
scePaf	0x8d3b3587	scePaf_8D3B3587
scePaf	0x8d3eaea3	scePaf_8D3EAEA3
scePaf	0x8d736c8f	scePaf_8D736C8F
scePaf	0x8d7fc7db	scePaf_8D7FC7DB
scePaf	0x8db4b066	scePaf_8DB4B066
scePaf	0x8deb3db3	scePaf_8DEB3DB3
scePaf	0x8e751fcc	scePaf_8E751FCC
scePaf	0x8e757709	scePaf_8E757709
scePaf	0x8f12b63a	scePaf_8F12B63A
scePaf	0x8fe88010	scePaf_8FE88010
scePaf	0x902515fb	scePaf_902515FB
scePaf	0x905347e9	scePaf_905347E9
scePaf	0x905cf2a7	scePaf_905CF2A7
scePaf	0x910a6b7b	scePaf_910A6B7B
scePaf	0x910bcfe1	scePaf_910BCFE1
scePaf	0x9122393c	scePaf_9122393C
scePaf	0x927854c5	scePaf_927854C5
scePaf	0x92a46b32	scePaf_92A46B32
scePaf	0x93538664	scePaf_93538664
scePaf	0x93a60b78	scePaf_93A60B78
scePaf	0x940d9797	scePaf_940D9797
scePaf	0x94136997	scePaf_94136997
scePaf	0x9430557b	scePaf_9430557B
scePaf	0x95040c08	scePaf_95040C08
scePaf	0x952ce8af	scePaf_952CE8AF
scePaf	0x9563887d	scePaf_9563887D
scePaf	0x95708bc0	scePaf_95708BC0
scePaf	0x95948fb6	scePaf_95948FB6
scePaf	0x95960a88	scePaf_95960A88
scePaf	0x95c97571	scePaf_95C97571
scePaf	0x962fa087	scePaf_962FA087
scePaf	0x96610ae6	scePaf_96610AE6
scePaf	0x96c46364	scePaf_96C46364
scePaf	0x97b9c21e	scePaf_97B9C21E
scePaf	0x97fda760	scePaf_97FDA760
scePaf	0x980228ba	scePaf_980228BA
scePaf	0x986febd1	scePaf_986FEBD1
scePaf	0x9870a25b	scePaf_9870A25B
scePaf	0x98a6c193	scePaf_98A6C193
scePaf	0x98e1bc87	scePaf_98E1BC87
scePaf	0x993e9fdc	scePaf_993E9FDC
scePaf	0x9948cdb3	Heap_Free
scePaf	0x997d2809	scePaf_997D2809
scePaf	0x99a5cd38	scePaf_99A5CD38
scePaf	0x9a8e343e	scePaf_9A8E343E
scePaf	0x9afd4ad4	scePaf_9AFD4AD4
scePaf	0x9b8cbc5f	scePaf_9B8CBC5F
scePaf	0x9c9b6732	scePaf_9C9B6732
scePaf	0x9d0192fd	scePaf_9D0192FD
scePaf	0x9d1633bc	scePaf_9D1633BC
scePaf	0x9d496842	scePaf_9D496842
scePaf	0x9d92765e	scePaf_9D92765E
scePaf	0x9ded6118	scePaf_9DED6118
scePaf	0x9f10613f	scePaf_9F10613F
scePaf	0x9f60cb01	scePaf_9F60CB01
scePaf	0xa02e66fa	scePaf_A02E66FA
scePaf	0xa044bfc0	scePaf_A044BFC0
scePaf	0xa08b0f31	scePaf_A08B0F31
scePaf	0xa0a25707	scePaf_A0A25707
scePaf	0xa0ed77c4	scePaf_A0ED77C4
scePaf	0xa18db948	scePaf_A18DB948
scePaf	0xa25bdaa2	scePaf_A25BDAA2
scePaf	0xa3761f27	scePaf_A3761F27
scePaf	0xa4b48f00	scePaf_A4B48F00
scePaf	0xa4f53fed	scePaf_A4F53FED
scePaf	0xa574db92	scePaf_A574DB92
scePaf	0xa69babe3	scePaf_A69BABE3
scePaf	0xa72594ef	scePaf_A72594EF
scePaf	0xa76b9604	scePaf_A76B9604
scePaf	0xa7818bce	scePaf_A7818BCE
scePaf	0xa82e3c19	scePaf_A82E3C19
scePaf	0xa8711520	scePaf_A8711520
scePaf	0xa89157ee	scePaf_A89157EE
scePaf	0xa9970ef5	scePaf_A9970EF5
scePaf	0xa9ce8fbb	scePaf_A9CE8FBB
scePaf	0xaa978f61	scePaf_AA978F61
scePaf	0xaaa8d3da	scePaf_AAA8D3DA
scePaf	0xaad0ee78	scePaf_AAD0EE78
scePaf	0xab7592ff	memcpy
scePaf	0xabbbb335	scePaf_ABBBB335
scePaf	0xabcbc1c5	scePaf_ABCBC1C5
scePaf	0xabebf18d	scePaf_ABEBF18D
scePaf	0xad007ab6	scePaf_AD007AB6
scePaf	0xad1721b8	scePaf_AD1721B8
scePaf	0xad43f865	scePaf_AD43F865
scePaf	0xad7a45f9	scePaf_AD7A45F9
scePaf	0xad8af84f	free
scePaf	0xadc146f0	scePaf_ADC146F0
scePaf	0xae02f241	scePaf_AE02F241
scePaf	0xaecf91a9	scePaf_AECF91A9
scePaf	0xaee1cbad	scePaf_AEE1CBAD
scePaf	0xaeef2a7c	scePaf_AEEF2A7C
scePaf	0xb09203b0	scePaf_B09203B0
scePaf	0xb0fd305a	scePaf_B0FD305A
scePaf	0xb104ec1b	scePaf_B104EC1B
scePaf	0xb1f587ef	scePaf_B1F587EF
scePaf	0xb2290d1a	png_read_end
scePaf	0xb2ed6caa	scePaf_B2ED6CAA
scePaf	0xb3659499	scePaf_B3659499
scePaf	0xb3d2c3bb	scePaf_B3D2C3BB
scePaf	0xb3d58d25	scePaf_B3D58D25
scePaf	0xb42d784e	scePaf_B42D784E
scePaf	0xb4d1cbbf	scePaf_B4D1CBBF
scePaf	0xb52e43fb	scePaf_B52E43FB
scePaf	0xb61e88f2	scePaf_B61E88F2
scePaf	0xb6841f37	scePaf_B6841F37
scePaf	0xb6f52424	scePaf_B6F52424
scePaf	0xb711dc69	scePaf_B711DC69
scePaf	0xb77039e4	scePaf_B77039E4
scePaf	0xb7865607	scePaf_B7865607
scePaf	0xb7d3c112	scePaf_B7D3C112
scePaf	0xb7e6052b	scePaf_B7E6052B
scePaf	0xb9383a25	scePaf_B9383A25
scePaf	0xb9be69fd	scePaf_B9BE69FD
scePaf	0xba09cf46	scePaf_BA09CF46
scePaf	0xba1f20ee	scePaf_BA1F20EE
scePaf	0xba32d6e6	scePaf_BA32D6E6
scePaf	0xba433bef	scePaf_BA433BEF
scePaf	0xba6b8b02	scePaf_BA6B8B02
scePaf	0xbaa76fde	scePaf_BAA76FDE
scePaf	0xbaa88cda	scePaf_BAA88CDA
scePaf	0xbae16a39	scePaf_BAE16A39
scePaf	0xbaff6806	scePaf_BAFF6806
scePaf	0xbb3cbd19	scePaf_BB3CBD19
scePaf	0xbb457d6f	scePaf_BB457D6F
scePaf	0xbbbf145c	scePaf_BBBF145C
scePaf	0xbbde1c17	scePaf_BBDE1C17
scePaf	0xbd49caef	scePaf_BD49CAEF
scePaf	0xbdc894d8	scePaf_BDC894D8
scePaf	0xbe5b0791	scePaf_BE5B0791
scePaf	0xbeb47224	scePaf_BEB47224
scePaf	0xbecd1827	scePaf_BECD1827
scePaf	0xbef9ff15	scePaf_BEF9FF15
scePaf	0xbfe9e90b	scePaf_BFE9E90B
scePaf	0xbffaee83	scePaf_BFFAEE83
scePaf	0xc01bf169	scePaf_C01BF169
scePaf	0xc1faf826	scePaf_C1FAF826
scePaf	0xc2c25056	scePaf_C2C25056
scePaf	0xc2e4423a	scePaf_C2E4423A
scePaf	0xc4bad564	scePaf_C4BAD564
scePaf	0xc4d819aa	scePaf_C4D819AA
scePaf	0xc6624f24	png_set_packswap
scePaf	0xc6a8bee2	scePaf_C6A8BEE2
scePaf	0xc6cf9352	scePaf_C6CF9352
scePaf	0xc6f44ef9	scePaf_C6F44EF9
scePaf	0xc85155c9	scePaf_C85155C9
scePaf	0xc8e7b03f	scePaf_C8E7B03F
scePaf	0xc8fd64aa	scePaf_C8FD64AA
scePaf	0xc9831aff	scePaf_C9831AFF
scePaf	0xca79d58b	scePaf_CA79D58B
scePaf	0xca8cdf32	scePaf_CA8CDF32
scePaf	0xcab439df	printf
scePaf	0xcae6374a	scePaf_CAE6374A
scePaf	0xcaf05f1d	scePaf_CAF05F1D
scePaf	0xcaf82b9b	scePaf_CAF82B9B
scePaf	0xcb2198ab	scePaf_CB2198AB
scePaf	0xcb65103e	scePaf_CB65103E
scePaf	0xcb7b666e	scePaf_CB7B666E
scePaf	0xcb7ccb28	scePaf_CB7CCB28
scePaf	0xcba9aab1	scePaf_CBA9AAB1
scePaf	0xcc103ad2	scePaf_CC103AD2
scePaf	0xcc3cfabf	scePaf_CC3CFABF
scePaf	0xcdb85442	scePaf_CDB85442
scePaf	0xcdc81771	scePaf_CDC81771
scePaf	0xce21d21f	scePaf_CE21D21F
scePaf	0xce699963	scePaf_CE699963
scePaf	0xceac29f3	scePaf_CEAC29F3
scePaf	0xcfaf88ab	scePaf_CFAF88AB
scePaf	0xcfb1a402	scePaf_CFB1A402
scePaf	0xcff2b69c	scePaf_CFF2B69C
scePaf	0xd02c0d2e	scePaf_D02C0D2E
scePaf	0xd05c226f	scePaf_D05C226F
scePaf	0xd07af3fa	scePaf_D07AF3FA
scePaf	0xd0ad10ff	scePaf_D0AD10FF
scePaf	0xd1159069	scePaf_D1159069
scePaf	0xd153385e	scePaf_D153385E
scePaf	0xd16e5935	scePaf_D16E5935
scePaf	0xd180acba	scePaf_D180ACBA
scePaf	0xd188831a	scePaf_D188831A
scePaf	0xd1ee972c	scePaf_D1EE972C
scePaf	0xd2463c79	scePaf_D2463C79
scePaf	0xd24e4016	scePaf_D24E4016
scePaf	0xd27de19a	scePaf_D27DE19A
scePaf	0xd2c94856	scePaf_D2C94856
scePaf	0xd2e0d705	scePaf_D2E0D705
scePaf	0xd34d0b82	scePaf_D34D0B82
scePaf	0xd35b454a	scePaf_D35B454A
scePaf	0xd36f3aaa	scePaf_D36F3AAA
scePaf	0xd3ab4076	scePaf_D3AB4076
scePaf	0xd3d12890	scePaf_D3D12890
scePaf	0xd3f5956d	scePaf_D3F5956D
scePaf	0xd4c6cc7a	scePaf_D4C6CC7A
scePaf	0xd4dab044	scePaf_D4DAB044
scePaf	0xd4f9270d	png_read_update_info
scePaf	0xd4fae7d0	scePaf_D4FAE7D0
scePaf	0xd5372e90	scePaf_D5372E90
scePaf	0xd587826c	scePaf_D587826C
scePaf	0xd5a254f9	scePaf_D5A254F9
scePaf	0xd5f3bab1	scePaf_D5F3BAB1
scePaf	0xd5f5e68f	scePaf_D5F5E68F
scePaf	0xd6232f26	scePaf_D6232F26
scePaf	0xd63d4561	scePaf_D63D4561
scePaf	0xd6c1ff36	scePaf_D6C1FF36
scePaf	0xd6cd39af	scePaf_D6CD39AF
scePaf	0xd6cdb3bb	scePaf_D6CDB3BB
scePaf	0xd6f088ef	scePaf_D6F088EF
scePaf	0xd7074bd1	scePaf_D7074BD1
scePaf	0xd7215544	scePaf_D7215544
scePaf	0xd726f4a2	scePaf_D726F4A2
scePaf	0xd7c2e0ad	scePaf_D7C2E0AD
scePaf	0xd7e925a1	scePaf_D7E925A1
scePaf	0xd8739c4c	scePaf_D8739C4C
scePaf	0xd91b2651	scePaf_D91B2651
scePaf	0xd9392ccb	scePaf_D9392CCB
scePaf	0xd96449b4	scePaf_D96449B4
scePaf	0xd99bec81	scePaf_D99BEC81
scePaf	0xda3a6d88	scePaf_DA3A6D88
scePaf	0xdaa609bb	scePaf_DAA609BB
scePaf	0xdab59652	scePaf_DAB59652
scePaf	0xdad477c1	scePaf_DAD477C1
scePaf	0xdb1549df	png_start_read_image
scePaf	0xdb230be1	scePaf_DB230BE1
scePaf	0xdbd69b7b	scePaf_DBD69B7B
scePaf	0xdc2ca0f7	scePaf_DC2CA0F7
scePaf	0xdc38941b	scePaf_DC38941B
scePaf	0xdc544921	scePaf_DC544921
scePaf	0xdc8b0309	scePaf_DC8B0309
scePaf	0xdda68be8	scePaf_DDA68BE8
scePaf	0xddd91620	png_read_image
scePaf	0xde75c2ba	scePaf_DE75C2BA
scePaf	0xdedf238f	scePaf_DEDF238F
scePaf	0xdef9ebe7	scePaf_DEF9EBE7
scePaf	0xdf887ded	scePaf_DF887DED
scePaf	0xdf9138a8	scePaf_DF9138A8
scePaf	0xdfb912cb	scePaf_DFB912CB
scePaf	0xdfc8650c	scePaf_DFC8650C
scePaf	0xdfd3e855	scePaf_DFD3E855
scePaf	0xdffe9ed6	scePaf_DFFE9ED6
scePaf	0xe0cf8091	scePaf_E0CF8091
scePaf	0xe1242646	scePaf_E1242646
scePaf	0xe13b6dae	sinf
scePaf	0xe15a64ea	scePaf_E15A64EA
scePaf	0xe1c76b22	scePaf_E1C76B22
scePaf	0xe327c974	png_read_info
scePaf	0xe32b3558	scePaf_E32B3558
scePaf	0xe357380e	scePaf_E357380E
scePaf	0xe418d7e0	scePaf_E418D7E0
scePaf	0xe618f7a8	scePaf_E618F7A8
scePaf	0xe6432407	png_get_PLTE
scePaf	0xe69c3b1b	scePaf_E69C3B1B
scePaf	0xe732cf74	scePaf_E732CF74
scePaf	0xe796c85b	scePaf_E796C85B
scePaf	0xe9bf6beb	scePaf_E9BF6BEB
scePaf	0xea026663	scePaf_EA026663
scePaf	0xea39a7c1	scePaf_EA39A7C1
scePaf	0xea4c24b3	scePaf_EA4C24B3
scePaf	0xeaa5aff6	scePaf_EAA5AFF6
scePaf	0xeab7bd23	scePaf_EAB7BD23
scePaf	0xeb553d60	scePaf_EB553D60
scePaf	0xeb6d20a5	cosf
scePaf	0xebdc149c	scePaf_EBDC149C
scePaf	0xece59e24	scePaf_ECE59E24
scePaf	0xed2b47fa	scePaf_ED2B47FA
scePaf	0xed3e4eb1	scePaf_ED3E4EB1
scePaf	0xed83b18f	scePaf_ED83B18F
scePaf	0xed89c94b	scePaf_ED89C94B
scePaf	0xedf1c662	scePaf_EDF1C662
scePaf	0xee10aef1	scePaf_EE10AEF1
scePaf	0xef346632	scePaf_EF346632
scePaf	0xef52945b	scePaf_EF52945B
scePaf	0xf0b4cae7	scePaf_F0B4CAE7
scePaf	0xf13ebb78	scePaf_F13EBB78
scePaf	0xf1546d14	scePaf_F1546D14
scePaf	0xf1552447	scePaf_F1552447
scePaf	0xf1b52e86	scePaf_F1B52E86
scePaf	0xf1b73d12	scePaf_F1B73D12
scePaf	0xf1cf9579	scePaf_F1CF9579
scePaf	0xf23f3226	scePaf_F23F3226
scePaf	0xf247a0bd	scePaf_F247A0BD
scePaf	0xf273fe50	scePaf_F273FE50
scePaf	0xf28a9db3	scePaf_F28A9DB3
scePaf	0xf2e5fdeb	scePaf_F2E5FDEB
scePaf	0xf32223ac	scePaf_F32223AC
scePaf	0xf3967af5	scePaf_F3967AF5
scePaf	0xf4404eaf	scePaf_F4404EAF
scePaf	0xf47ca1c2	scePaf_F47CA1C2
scePaf	0xf49f3c59	scePaf_F49F3C59
scePaf	0xf4ab3180	scePaf_F4AB3180
scePaf	0xf577bc82	scePaf_F577BC82
scePaf	0xf609fa81	scePaf_F609FA81
scePaf	0xf6ab6655	scePaf_F6AB6655
scePaf	0xf6f3e99e	scePaf_F6F3E99E
scePaf	0xf7fb133e	scePaf_F7FB133E
scePaf	0xf8301dbc	scePaf_F8301DBC
scePaf	0xf84a99c8	scePaf_F84A99C8
scePaf	0xf89eca28	scePaf_F89ECA28
scePaf	0xf93d4e1f	scePaf_F93D4E1F
scePaf	0xf95ea3f1	scePaf_F95EA3F1
scePaf	0xfa05bf7b	scePaf_FA05BF7B
scePaf	0xfa758b05	scePaf_FA758B05
scePaf	0xfa78af39	scePaf_FA78AF39
scePaf	0xfa87d725	scePaf_FA87D725
scePaf	0xfb3a9617	scePaf_FB3A9617
scePaf	0xfb3db2ff	paf_fini
scePaf	0xfba47e77	scePaf_FBA47E77
scePaf	0xfbc76d05	sce_png_read
scePaf	0xfc37fabd	scePaf_FC37FABD
scePaf	0xfc6b7234	scePaf_FC6B7234
scePaf	0xfcabd0e7	scePaf_FCABD0E7
scePaf	0xfcb4e053	scePaf_FCB4E053
scePaf	0xfcd816fa	scePaf_FCD816FA
scePaf	0xfcdd55e3	scePaf_FCDD55E3
scePaf	0xfcf42d6d	scePaf_FCF42D6D
scePaf	0xfd3ff4aa	scePaf_FD3FF4AA
scePaf	0xfd4c9f47	scePaf_FD4C9F47
scePaf	0xfd9de7b9	scePaf_FD9DE7B9
scePaf	0xfdb39519	scePaf_FDB39519
scePaf	0xfdb98cac	scePaf_FDB98CAC
scePaf	0xfe4d4112	scePaf_FE4D4112
scePaf	0xfe84212f	scePaf_FE84212F
scePaf	0xfeafc77a	scePaf_FEAFC77A
scePaf	0xff2f98c6	scePaf_FF2F98C6
scePaf	0xff74c932	scePaf_FF74C932
scePower	0x0074ef9b	scePowerGetResumeCount
scePower	0x0442d852	scePowerRequestColdReset
scePower	0x04b7766e	scePowerRegisterCallback
scePower	0x0afd0d8b	scePowerIsBatteryExist
scePower	0x0cd21b1f	scePowerSetPowerSwMode
scePower	0x165ce085	scePowerGetPowerSwMode
scePower	0x1e490401	scePowerIsBatteryCharging
scePower	0x2085d15d	scePowerGetBatteryLifePercent
scePower	0x23436a4a	scePowerGetInnerTemp
scePower	0x27f3292c	scePowerBatteryUpdateInfo
scePower	0x2875994b	scePowerRequestSuspendTouchAndGo
scePower	0x28e12023	scePowerGetBatteryTemp
scePower	0x2b51fe2f	scePowerGetWlanActivity
scePower	0x2b7c7cf4	scePowerRequestStandby
scePower	0x3951af53	scePowerEncodeUBattery
scePower	0x442bfbac	scePowerGetBacklightMaximum
scePower	0x478fe6f5	scePowerGetBusClockFrequency
scePower	0x483ce86b	scePowerGetBatteryVolt
scePower	0x737486f2	scePowerSetClockFrequency
scePower	0x78a1a796	scePowerIsSuspendRequired
scePower	0x7f30b3b1	scePowerIdleTimerEnable
scePower	0x7fa406dd	scePowerIsRequest
scePower	0x843fbf43	scePowerSetCpuClockFrequency
scePower	0x862ae1a6	scePowerGetBatteryElec
scePower	0x87440f5e	scePowerIsPowerOnline
scePower	0x8efb3fa2	scePowerGetBatteryLifeTime
scePower	0x94f5a53f	scePowerGetBatteryRemainCapacity
scePower	0x972ce941	scePowerIdleTimerDisable
scePower	0x9badb3eb	scePowerGetBusClockFrequencyFloat
scePower	0xac32c9cc	scePowerRequestSuspend
scePower	0xb1a52c83	scePowerGetCpuClockFrequencyFloat
scePower	0xb4432bc8	scePowerGetBatteryChargingStatus
scePower	0xb8d7b3fb	scePowerSetBusClockFrequency
scePower	0xb999184c	scePowerGetLowBatteryCapacity
scePower	0xbd681969	scePowerGetBusClockFrequencyInt
scePower	0xca3d34c1	scePowerUnlock
scePower	0xd3075926	scePowerIsLowBattery
scePower	0xd6d016ef	scePowerLock
scePower	0xdb62c9cf	scePowerCancelRequest
scePower	0xdb9d28dd	scePowerUnregitserCallback
scePower	0xdfa8baf8	scePowerUnregisterCallback
scePower	0xe8e4e204	scePowerGetForceSuspendCapacity
scePower	0xedc13fe5	scePowerGetIdleTimer
scePower	0xefd3c963	scePowerTick
scePower	0xfd18a0ff	scePowerGetBatteryFullCapacity
scePower	0xfdb5bfe9	scePowerGetCpuClockFrequencyInt
scePower	0xfee03a2f	scePowerGetCpuClockFrequency
scePower_driver	0x0074ef9b	scePowerGetResumeCount
scePower_driver	0x04b7766e	scePowerRegisterCallback
scePower_driver	0x0afd0d8b	scePowerIsBatteryExist
scePower_driver	0x0cd21b1f	scePower_driver_0CD21B1F
scePower_driver	0x165ce085	scePower_driver_165CE085
scePower_driver	0x166922ec	scePower_driver_166922EC
scePower_driver	0x1ba2fcae	scePowerSetIdleCallback
scePower_driver	0x1e490401	scePowerIsBatteryCharging
scePower_driver	0x2085d15d	scePowerGetBatteryLifePercent
scePower_driver	0x23436a4a	scePower_driver_23436A4A
scePower_driver	0x23bb0a60	scePowerWlanDeactivate
scePower_driver	0x23c31ffe	scePowerVolatileMemLock
scePower_driver	0x27f3292c	scePowerBatteryUpdateInfo
scePower_driver	0x2875994b	scePower_driver_2875994B
scePower_driver	0x28e12023	scePowerGetBatteryTemp
scePower_driver	0x2b51fe2f	scePower_driver_2B51FE2F
scePower_driver	0x2b7c7cf4	scePowerRequestStandby
scePower_driver	0x35b7662e	scePowerGetSectionDescriptionEntry
scePower_driver	0x3951af53	scePowerEncodeUBattery
scePower_driver	0x442bfbac	scePower_driver_442BFBAC
scePower_driver	0x478fe6f5	scePowerGetBusClockFrequency
scePower_driver	0x483ce86b	scePowerGetBatteryVolt
scePower_driver	0x6d2ca84b	scePowerWlanActivate
scePower_driver	0x737486f2	scePowerSetClockFrequency
scePower_driver	0x78a1a796	scePower_driver_78A1A796
scePower_driver	0x79db9421	scePowerRebootStart
scePower_driver	0x7f30b3b1	scePowerIdleTimerEnable
scePower_driver	0x7fa406dd	scePowerIsRequest
scePower_driver	0x843fbf43	scePowerSetCpuClockFrequency
scePower_driver	0x862ae1a6	scePowerGetBatteryElec
scePower_driver	0x87440f5e	scePowerIsPowerOnline
scePower_driver	0x8efb3fa2	scePowerGetBatteryLifeTime
scePower_driver	0x94f5a53f	scePowerGetBatteryRemainCapacity
scePower_driver	0x972ce941	scePowerIdleTimerDisable
scePower_driver	0x9badb3eb	scePowerGetBusClockFrequencyFloat
scePower_driver	0x9ce06934	scePowerInit
scePower_driver	0xac32c9cc	scePowerRequestSuspend
scePower_driver	0xad5bb433	scePowerEnd
scePower_driver	0xb1a52c83	scePowerGetCpuClockFrequencyFloat
scePower_driver	0xb3edd801	scePowerVolatileMemUnlock
scePower_driver	0xb4432bc8	scePowerGetBatteryChargingStatus
scePower_driver	0xb8d7b3fb	scePowerSetBusClockFrequency
scePower_driver	0xb999184c	scePowerGetLowBatteryCapacity
scePower_driver	0xbd681969	scePowerGetBusClockFrequencyInt
scePower_driver	0xc23ac778	scePower_driver_C23AC778
scePower_driver	0xca3d34c1	scePowerUnlock
scePower_driver	0xd24e6beb	scePower_driver_D24E6BEB
scePower_driver	0xd3075926	scePowerIsLowBattery
scePower_driver	0xd6d016ef	scePowerLock
scePower_driver	0xdb62c9cf	scePowerCancelRequest
scePower_driver	0xdb9d28dd	scePowerUnregitserCallback
scePower_driver	0xdd3d4dac	scePower_driver_DD3D4DAC
scePower_driver	0xdfa8baf8	scePowerUnregisterCallback
scePower_driver	0xe0b7a95d	scePower_driver_E0B7A95D
scePower_driver	0xe8685403	scePower_driver_E8685403
scePower_driver	0xe8e4e204	scePower_driver_E8E4E204
scePower_driver	0xedc13fe5	scePowerGetIdleTimer
scePower_driver	0xefd3c963	scePowerTick
scePower_driver	0xf535d928	scePower_driver_F535D928
scePower_driver	0xf9b4dea1	scePowerLimitPllClock
scePower_driver	0xfa97a599	scePowerVolatileMemTryLock
scePower_driver	0xfd18a0ff	scePower_driver_FD18A0FF
scePower_driver	0xfdb5bfe9	scePowerGetCpuClockFrequencyInt
scePower_driver	0xfee03a2f	scePowerGetCpuClockFrequency
sceReg	0x0cae832b	sceRegCloseCategory
sceReg	0x0d69bf40	sceRegFlushCategory
sceReg	0x17768e14	sceRegSetKeyValue
sceReg	0x1d8a762e	sceRegOpenCategory
sceReg	0x28a8e98a	sceRegGetKeyValue
sceReg	0x2c0db9dd	sceRegGetKeysNum
sceReg	0x2d211135	sceRegGetKeys
sceReg	0x30be0259	sceRegGetKeyValueByName
sceReg	0x3615bc87	sceRegRemoveKey
sceReg	0x39461b4d	sceRegFlushRegistry
sceReg	0x4ca16893	sceRegRemoveCategory
sceReg	0x57641a81	sceRegCreateKey
sceReg	0x92e41280	sceRegOpenRegistry
sceReg	0x9b25edf1	sceRegExit
sceReg	0xc5768d02	sceRegGetKeyInfoByName
sceReg	0xd4475aa8	sceRegGetKeyInfo
sceReg	0xdeda92bf	sceRegRemoveRegistry
sceReg	0xfa8a5739	sceRegCloseRegistry
sceReg_driver	0x0cae832b	sceRegCloseCategory
sceReg_driver	0x0d69bf40	sceRegFlushCategory
sceReg_driver	0x17768e14	sceRegSetKeyValue
sceReg_driver	0x1d8a762e	sceRegOpenCategory
sceReg_driver	0x28a8e98a	sceRegGetKeyValue
sceReg_driver	0x2c0db9dd	sceRegGetKeysNum
sceReg_driver	0x2d211135	sceRegGetKeys
sceReg_driver	0x30be0259	sceRegGetKeyValueByName
sceReg_driver	0x3615bc87	sceRegRemoveKey
sceReg_driver	0x39461b4d	sceRegFlushRegistry
sceReg_driver	0x4ca16893	sceRegRemoveCategory
sceReg_driver	0x57641a81	sceRegCreateKey
sceReg_driver	0x92e41280	sceRegOpenRegistry
sceReg_driver	0x98279cf1	sceRegInit
sceReg_driver	0x9b25edf1	sceRegExit
sceReg_driver	0xc5768d02	sceRegGetKeyInfoByName
sceReg_driver	0xd4475aa8	sceRegGetKeyInfo
sceReg_driver	0xdeda92bf	sceRegRemoveRegistry
sceReg_driver	0xfa8a5739	sceRegCloseRegistry
sceRtc	0x011f03c1	sceRtcGetAccumulativeTime
sceRtc	0x029ca3b3	sceRtc_029CA3B3
sceRtc	0x0498fb3c	sceRtcFormatRFC3339
sceRtc	0x05ef322c	sceRtcGetDaysInMonth
sceRtc	0x1909c99b	sceRtcSetTime64_t
sceRtc	0x203ceb0d	sceRtcGetLastReincarnatedTime
sceRtc	0x26d25a5d	sceRtcTickAddMicroseconds
sceRtc	0x26d7a24a	sceRtcTickAddHours
sceRtc	0x27c4594c	sceRtcGetTime_t
sceRtc	0x27f98543	sceRtcFormatRFC3339LocalTime
sceRtc	0x28e1e988	sceRtcParseRFC3339
sceRtc	0x34885e0d	sceRtcConvertUtcToLocalTime
sceRtc	0x36075567	sceRtcGetDosTime
sceRtc	0x3a807cc8	sceRtcSetTime_t
sceRtc	0x3f7ad767	sceRtcGetCurrentTick
sceRtc	0x42307a17	sceRtcIsLeapYear
sceRtc	0x42842c77	sceRtcTickAddYears
sceRtc	0x44f45e05	sceRtcTickAddTicks
sceRtc	0x4b1b5e82	sceRtcCheckValid
sceRtc	0x4cfa57b0	sceRtcGetCurrentClock
sceRtc	0x57726bc1	sceRtcGetDayOfWeek
sceRtc	0x62685e98	sceRtcGetLastAdjustedTime
sceRtc	0x6ff40acc	sceRtcGetTick
sceRtc	0x779242a2	sceRtcConvertLocalTimeToUTC
sceRtc	0x7ace4c04	sceRtcSetWin32FileTime
sceRtc	0x7de6711b	sceRtcFormatRFC2822LocalTime
sceRtc	0x7ed29e40	sceRtcSetTick
sceRtc	0x9ed0ae87	sceRtcCompareTick
sceRtc	0xc41c2853	sceRtcGetTickResolution
sceRtc	0xc663b3b9	sceRtcFormatRFC2822
sceRtc	0xcf3a2ca8	sceRtcTickAddWeeks
sceRtc	0xcf561893	sceRtcGetWin32FileTime
sceRtc	0xdbf74f1b	sceRtcTickAddMonths
sceRtc	0xdfbc5f16	sceRtcParseDateTime
sceRtc	0xe1c93e47	sceRtcGetTime64_t
sceRtc	0xe51b4b7a	sceRtcTickAddDays
sceRtc	0xe6605bca	sceRtcTickAddMinutes
sceRtc	0xe7c27d1b	sceRtcGetCurrentClockLocalTime
sceRtc	0xf006f264	sceRtcSetDosTime
sceRtc	0xf2a4afe5	sceRtcTickAddSeconds
sceRtc_driver	0x011f03c1	sceRtcGetAccumulativeTime
sceRtc_driver	0x029ca3b3	sceRtc_029CA3B3
sceRtc_driver	0x0498fb3c	sceRtcFormatRFC3339
sceRtc_driver	0x05ef322c	sceRtcGetDaysInMonth
sceRtc_driver	0x17c26c00	sceRtc_driver_17C26C00
sceRtc_driver	0x1909c99b	sceRtcSetTime64_t
sceRtc_driver	0x203ceb0d	sceRtcGetLastReincarnatedTime
sceRtc_driver	0x26d25a5d	sceRtcTickAddMicroseconds
sceRtc_driver	0x26d7a24a	sceRtcTickAddHours
sceRtc_driver	0x27c4594c	sceRtcGetTime_t
sceRtc_driver	0x27f98543	sceRtcFormatRFC3339LocalTime
sceRtc_driver	0x28e1e988	sceRtcParseRFC3339
sceRtc_driver	0x34885e0d	sceRtcConvertUtcToLocalTime
sceRtc_driver	0x36075567	sceRtcGetDosTime
sceRtc_driver	0x3a807cc8	sceRtcSetTime_t
sceRtc_driver	0x3f7ad767	sceRtcGetCurrentTick
sceRtc_driver	0x42307a17	sceRtcIsLeapYear
sceRtc_driver	0x42842c77	sceRtcTickAddYears
sceRtc_driver	0x44f45e05	sceRtcTickAddTicks
sceRtc_driver	0x48d07d70	sceRtcResume
sceRtc_driver	0x4b1b5e82	sceRtcCheckValid
sceRtc_driver	0x4cfa57b0	sceRtcGetCurrentClock
sceRtc_driver	0x57726bc1	sceRtcGetDayOfWeek
sceRtc_driver	0x62685e98	sceRtcGetLastAdjustedTime
sceRtc_driver	0x6a676d2d	sceRtc_driver_6A676D2D
sceRtc_driver	0x6ff40acc	sceRtcGetTick
sceRtc_driver	0x759937c5	sceRtcSetConf
sceRtc_driver	0x779242a2	sceRtcConvertLocalTimeToUTC
sceRtc_driver	0x7ace4c04	sceRtcSetWin32FileTime
sceRtc_driver	0x7d1fbed3	sceRtcSetAlarmTick
sceRtc_driver	0x7de6711b	sceRtcFormatRFC2822LocalTime
sceRtc_driver	0x7ed29e40	sceRtcSetTick
sceRtc_driver	0x81fcda34	sceRtc_driver_81FCDA34
sceRtc_driver	0x912bee56	sceRtcInit
sceRtc_driver	0x9763c138	sceRtcSetCurrentTick
sceRtc_driver	0x9cc2797e	sceRtcSuspend
sceRtc_driver	0x9ed0ae87	sceRtcCompareTick
sceRtc_driver	0xb44bdaed	sceRtc_driver_B44BDAED
sceRtc_driver	0xc2ddbeb5	sceRtcGetAlarmTick
sceRtc_driver	0xc41c2853	sceRtcGetTickResolution
sceRtc_driver	0xc499af2f	sceRtc_driver_C499AF2F
sceRtc_driver	0xc663b3b9	sceRtcFormatRFC2822
sceRtc_driver	0xce27de2f	sceRtcEnd
sceRtc_driver	0xcf3a2ca8	sceRtcTickAddWeeks
sceRtc_driver	0xcf561893	sceRtcGetWin32FileTime
sceRtc_driver	0xdbf74f1b	sceRtcTickAddMonths
sceRtc_driver	0xdfbc5f16	sceRtcParseDateTime
sceRtc_driver	0xe1c93e47	sceRtcGetTime64_t
sceRtc_driver	0xe51b4b7a	sceRtcTickAddDays
sceRtc_driver	0xe6605bca	sceRtcTickAddMinutes
sceRtc_driver	0xe7c27d1b	sceRtcGetCurrentClockLocalTime
sceRtc_driver	0xf006f264	sceRtcSetDosTime
sceRtc_driver	0xf0b5571c	sceRtcSynchronize
sceRtc_driver	0xf2a4afe5	sceRtcTickAddSeconds
sceRtc_driver	0xfb3b18cd	sceRtc_driver_FB3B18CD
sceSircs	0x71eef62d	sceSircsSend
sceSsl	0x058d21c0	sceSslGetNameEntryCount
sceSsl	0x0eb43b06	sceSslGetUsedMemoryCurrent
sceSsl	0x17a10dcc	sceSslGetNotBefore
sceSsl	0x191cdeff	sceSslEnd
sceSsl	0x1b7c8191	sceSslGetIssuerName
sceSsl	0x3dd5e023	sceSslGetSubjectName
sceSsl	0x5bfb6b61	sceSslGetNotAfter
sceSsl	0x957ecbe2	sceSslInit
sceSsl	0xb99ede6a	sceSslGetUsedMemoryMax
sceSsl	0xcc0919b0	sceSslGetSerialNumber
sceSsl	0xd6d097b4	sceSslGetNameEntryInfo
sceSuspendForUser	0x090ccb3f	sceKernelPowerTick
sceSuspendForUser	0x3aee7261	sceKernelPowerUnlock
sceSuspendForUser	0x3e0271d3	sceKernelVolatileMemLock
sceSuspendForUser	0xa14f40b2	sceKernelVolatileMemTryLock
sceSuspendForUser	0xa569e425	sceKernelVolatileMemUnlock
sceSuspendForUser	0xeadb1bd7	sceKernelPowerLock
sceSysEventForKernel	0x36331294	sceKernelSysEventDispatch
sceSysEventForKernel	0x68d55505	sceKernelReferSysEventHandler
sceSysEventForKernel	0xaeb300ae	sceKernelIsRegisterSysEventHandler
sceSysEventForKernel	0xcd9e4bb5	sceKernelRegisterSysEventHandler
sceSysEventForKernel	0xd7d3fdcd	sceKernelUnregisterSysEventHandler
sceSyscon_driver	0x00e7b6c2	sceSyscon_driver_00E7B6C2
sceSyscon_driver	0x01677f91	sceSyscon_driver_01677F91
sceSyscon_driver	0x081826b4	sceSysconSuspend
sceSyscon_driver	0x08234e6d	sceSysconReceiveSetParam
sceSyscon_driver	0x08da3752	sceSyscon_driver_08DA3752
sceSyscon_driver	0x09721f7f	sceSysconGetPowerStatus
sceSyscon_driver	0x0a771482	sceSysconInit
sceSyscon_driver	0x0e8560f9	sceSysconWlanOn
sceSyscon_driver	0x1165c864	sceSyscon_driver_1165C864
sceSyscon_driver	0x138747de	sceSysconGetUmdSwitch
sceSyscon_driver	0x1602ed0d	sceSysconCmdCancel
sceSyscon_driver	0x18bfbe65	sceSysconCtrlLED
sceSyscon_driver	0x1b17d3e3	sceSyscon_driver_1B17D3E3
sceSyscon_driver	0x1b60c8ad	sceSysconWlanOff
sceSyscon_driver	0x284fe366	sceSyscon_driver_284FE366
sceSyscon_driver	0x2b9e6a06	sceSysconGetPowerError
sceSyscon_driver	0x2ee82492	sceSysconCtrlTachyonWDT
sceSyscon_driver	0x32cfd20f	sceSysconIsLowBattery
sceSyscon_driver	0x34c36ff9	sceSyscon_driver_34C36FF9
sceSyscon_driver	0x36e28c5f	sceSysconBatteryAuth
sceSyscon_driver	0x373ec933	sceSysconBatteryGetElec
sceSyscon_driver	0x3ac3d2a4	sceSysconCmdExecAsync
sceSyscon_driver	0x3b657a27	sceSyscon_driver_3B657A27
sceSyscon_driver	0x3c6db1c5	sceSyscon_driver_3C6DB1C5
sceSyscon_driver	0x3c739f57	sceSyscon_driver_3C739F57
sceSyscon_driver	0x3de38336	sceSysconReadPommelReg
sceSyscon_driver	0x44439604	sceSysconCtrlHRPower
sceSyscon_driver	0x48ab0e44	sceSysconGetLeptonPowerCtrl
sceSyscon_driver	0x4c0ee2fa	sceSyscon_driver_4C0EE2FA
sceSyscon_driver	0x4c539345	sceSyscon_driver_4C539345
sceSyscon_driver	0x52b74b6c	sceSyscon_driver_52B74B6C
sceSyscon_driver	0x53072985	sceSyscon_driver_53072985
sceSyscon_driver	0x56931095	sceSysconResume
sceSyscon_driver	0x5b9acc97	sceSysconCmdExec
sceSyscon_driver	0x5ee92f3c	sceSysconSetDebugHandlers
sceSyscon_driver	0x5f19c00f	sceSyscon_driver_5F19C00F
sceSyscon_driver	0x5ff1d610	sceSyscon_driver_5FF1D610
sceSyscon_driver	0x628f2351	sceSysconGetMsPowerCtrl
sceSyscon_driver	0x65eb6096	sceSysconWriteScratchPad
sceSyscon_driver	0x6848d817	sceSyscon_driver_6848D817
sceSyscon_driver	0x68ef0bef	sceSyscon_driver_68EF0BEF
sceSyscon_driver	0x6a53f3f8	sceSysconBatteryGetStatusCap
sceSyscon_driver	0x6c911742	sceSysconWriteAlarm
sceSyscon_driver	0x7016161c	sceSysconGetWlanPowerStatus
sceSyscon_driver	0x70c10e61	sceSysconBatteryGetTemp
sceSyscon_driver	0x71135d7d	sceSyscon_driver_71135D7D
sceSyscon_driver	0x71ae1bce	sceSyscon_driver_71AE1BCE
sceSyscon_driver	0x7479db05	sceSyscon_driver_7479DB05
sceSyscon_driver	0x75025299	sceSysconBatteryGetStatus
sceSyscon_driver	0x75d22bf8	sceSyscon_driver_75D22BF8
sceSyscon_driver	0x7a805ee4	sceSysconReadAlarm
sceSyscon_driver	0x7bcc5eae	sceSysconGetTimeStamp
sceSyscon_driver	0x7be86143	sceSysconMsOff
sceSyscon_driver	0x7cbd4522	sceSyscon_driver_7CBD4522
sceSyscon_driver	0x7ec5a957	sceSysconGetBaryonVersion
sceSyscon_driver	0x805180d1	sceSyscon_driver_805180D1
sceSyscon_driver	0x806d4d6c	sceSysconWritePolestarReg
sceSyscon_driver	0x82861de2	sceSyscon_driver_82861DE2
sceSyscon_driver	0x86d4cad8	sceSysconGetBaryonStatus
sceSyscon_driver	0x87671b18	sceSyscon_driver_87671B18
sceSyscon_driver	0x876ca580	sceSysconBatteryGetCap
sceSyscon_driver	0x882f0aab	sceSyscon_driver_882F0AAB
sceSyscon_driver	0x8a4519f5	sceSysconCtrlLeptonPower
sceSyscon_driver	0x8bdebb1e	sceSysconBatteryGetVolt
sceSyscon_driver	0x8cbc7987	sceSysconResetDevice
sceSyscon_driver	0x8dda4ca6	sceSyscon_driver_8DDA4CA6
sceSyscon_driver	0x91e183cb	sceSysconPowerSuspend
sceSyscon_driver	0x92d16fc7	sceSysconEnd
sceSyscon_driver	0x9478f399	sceSyscon_driver_9478F399
sceSyscon_driver	0x992c22c2	sceSysconSendSetParam
sceSyscon_driver	0x99bbb24c	sceSysconCtrlMsPower
sceSyscon_driver	0x9c4e3ca9	sceSyscon_driver_9C4E3CA9
sceSyscon_driver	0xa068b3d0	sceSysconSetAlarmCallback
sceSyscon_driver	0xa9aef39f	sceSyscon_driver_A9AEF39F
sceSyscon_driver	0xad555ce5	sceSyscon_driver_AD555CE5
sceSyscon_driver	0xb2558e37	sceSyscon_driver_B2558E37
sceSyscon_driver	0xb5105d51	sceSysconBatteryGetCycle
sceSyscon_driver	0xb71b98a8	sceSyscon_driver_B71B98A8
sceSyscon_driver	0xb8919d79	sceSysconMsOn
sceSyscon_driver	0xbbfb70c0	sceSyscon_driver_BBFB70C0
sceSyscon_driver	0xbda16e46	sceSysconGetWlanSwitch
sceSyscon_driver	0xbe27fe66	sceSysconCtrlPower
sceSyscon_driver	0xc4d66c1d	sceSysconReadClock
sceSyscon_driver	0xc5075828	sceSyscon_driver_C5075828
sceSyscon_driver	0xc7634a7a	sceSysconWriteClock
sceSyscon_driver	0xc8439c57	sceSysconPowerStandby
sceSyscon_driver	0xc8d97773	sceSyscon_driver_C8D97773
sceSyscon_driver	0xcc04a978	sceSysconGetWlanLedCtrl
sceSyscon_driver	0xd1b501e8	sceSysconWritePommelReg
sceSyscon_driver	0xd5340103	sceSysconBatteryGetSerial
sceSyscon_driver	0xd8471760	sceSysconReadPolestarReg
sceSyscon_driver	0xe00bfc9e	sceSyscon_driver_E00BFC9E
sceSyscon_driver	0xe0ddfe18	sceSysconGetHPConnect
sceSyscon_driver	0xe20d08fe	sceSyscon_driver_E20D08FE
sceSyscon_driver	0xe448fd3f	sceSysconBatteryNop
sceSyscon_driver	0xe540e532	sceSyscon_driver_E540E532
sceSyscon_driver	0xe5e35721	sceSyscon_driver_E5E35721
sceSyscon_driver	0xe6b74cb9	sceSysconNop
sceSyscon_driver	0xe7e87741	sceSysconGetPommelVersion
sceSyscon_driver	0xea5b9823	sceSyscon_driver_EA5B9823
sceSyscon_driver	0xeab13fbe	sceSyscon_driver_EAB13FBE
sceSyscon_driver	0xeb277c88	sceSysconReadScratchPad
sceSyscon_driver	0xec0de439	sceSysconGetPowerSwitch
sceSyscon_driver	0xec37c549	sceSysconGetWlanPowerCtrl
sceSyscon_driver	0xf0ed3255	sceSysconCtrlWlanPower
sceSyscon_driver	0xf281805d	sceSyscon_driver_F281805D
sceSyscon_driver	0xf350f666	sceSysconCmdSync
sceSyscon_driver	0xf6bb4649	sceSysconGetHoldSwitch
sceSyscon_driver	0xf775bc34	sceSyscon_driver_F775BC34
sceSyscon_driver	0xf9193ec3	sceSyscon_driver_F9193EC3
sceSyscon_driver	0xfa4c4518	sceSysconBatteryGetInfo
sceSyscon_driver	0xfb148fb6	sceSysconGetPolestarVersion
sceSyscon_driver	0xfc32141a	sceSyscon_driver_FC32141A
sceSysreg_driver	0x00c2628e	sceSysregMsifResetEnable
sceSysreg_driver	0x03340297	sceSysreg_driver_03340297
sceSysreg_driver	0x0436b60f	sceSysregIicIoEnable
sceSysreg_driver	0x054ac8c6	sceSysregAudioBusClockDisable
sceSysreg_driver	0x083f56e2	sceSysregEnableIntr
sceSysreg_driver	0x0a83fc7b	sceSysreg_driver_0A83FC7B
sceSysreg_driver	0x0ea487fa	sceSysreg_driver_0EA487FA
sceSysreg_driver	0x136e8f5a	sceSysreg_driver_136E8F5A
sceSysreg_driver	0x158ad4fc	sceSysregMeBusClockDisable
sceSysreg_driver	0x168c09b8	sceSysregDmacplusBusClockDisable
sceSysreg_driver	0x16909002	sceSysregAtaBusClockEnable
sceSysreg_driver	0x18172c6a	sceSysregMsifIoDisable
sceSysreg_driver	0x1969e840	sceSysreg_driver_1969E840
sceSysreg_driver	0x1c4c4c7a	sceSysregEmcsmIoDisable
sceSysreg_driver	0x1d382514	sceSysreg_driver_1D382514
sceSysreg_driver	0x1e18ea43	sceSysreg_driver_1E18EA43
sceSysreg_driver	0x1e9c3607	sceSysregGpioIoDisable
sceSysreg_driver	0x20388c9e	sceSysreg_driver_20388C9E
sceSysreg_driver	0x2112e686	sceSysreg_driver_2112E686
sceSysreg_driver	0x25673620	sceSysregIntrInit
sceSysreg_driver	0x25b0ac52	sceSysregPwmIoDisable
sceSysreg_driver	0x26283a6f	sceSysregAwResetEnable
sceSysreg_driver	0x26fa0928	sceSysregSircsIoDisable
sceSysreg_driver	0x29a119a1	sceSysreg_driver_29A119A1
sceSysreg_driver	0x2d0f7755	sceSysregEmcsmBusClockDisable
sceSysreg_driver	0x2db0eb28	sceSysregMeResetDisable
sceSysreg_driver	0x2f216f38	sceSysreg_driver_2F216F38
sceSysreg_driver	0x31154490	sceSysreg_driver_31154490
sceSysreg_driver	0x32471457	sceSysregUsbQueryIntr
sceSysreg_driver	0x36a75390	sceSysreg_driver_36A75390
sceSysreg_driver	0x377f035f	sceSysreg_driver_377F035F
sceSysreg_driver	0x38ec3281	sceSysreg_driver_38EC3281
sceSysreg_driver	0x391ce1c0	sceSysreg_driver_391CE1C0
sceSysreg_driver	0x3bbd0c0c	sceSysreg_driver_3BBD0C0C
sceSysreg_driver	0x3e216017	sceSysregUsbBusClockEnable
sceSysreg_driver	0x3ea188ad	sceSysregRequestIntr
sceSysreg_driver	0x438aece9	sceSysreg_driver_438AECE9
sceSysreg_driver	0x44704e1d	sceSysreg_driver_44704E1D
sceSysreg_driver	0x44f6cda7	sceSysregMeBusClockEnable
sceSysreg_driver	0x45225f8f	sceSysreg_driver_45225F8F
sceSysreg_driver	0x4716e71e	sceSysregMsifBusClockEnable
sceSysreg_driver	0x4c49a8bc	sceSysregSircsIoEnable
sceSysreg_driver	0x4d4ce2b8	sceSysreg_driver_4D4CE2B8
sceSysreg_driver	0x4ee8e2c8	sceSysregIntrEnd
sceSysreg_driver	0x4f46eede	sceSysregGetFuseId
sceSysreg_driver	0x4f5afbbe	sceSysregKirkBusClockEnable
sceSysreg_driver	0x53a6838b	sceSysreg_driver_53A6838B
sceSysreg_driver	0x55b18b84	sceSysreg_driver_55B18B84
sceSysreg_driver	0x5664f8b5	sceSysreg_driver_5664F8B5
sceSysreg_driver	0x584ad989	sceSysreg_driver_584AD989
sceSysreg_driver	0x58f47efd	sceSysregIicIoDisable
sceSysreg_driver	0x61bff85f	sceSysregInterruptToOther
sceSysreg_driver	0x633595f2	sceSysreg_driver_633595F2
sceSysreg_driver	0x63b1aadf	sceSysregLcdcIoEnable
sceSysreg_driver	0x63b9eb65	sceSysreg_driver_63B9EB65
sceSysreg_driver	0x6417cdd6	sceSysreg_driver_6417CDD6
sceSysreg_driver	0x678ad3ed	sceSysregDmacplusBusClockEnable
sceSysreg_driver	0x6879790b	sceSysregKeyIoDisable
sceSysreg_driver	0x692f31ff	sceSysregUsbAcquireIntr
sceSysreg_driver	0x69eecbe5	sceSysregUsbResetDisable
sceSysreg_driver	0x6b01d71b	sceSysreg_driver_6B01D71B
sceSysreg_driver	0x7234ea80	sceSysreg_driver_7234EA80
sceSysreg_driver	0x7558064a	sceSysregVmeResetDisable
sceSysreg_driver	0x7725ca08	sceSysreg_driver_7725CA08
sceSysreg_driver	0x77ded992	sceSysregKeyIoEnable
sceSysreg_driver	0x789bd609	sceSysreg_driver_789BD609
sceSysreg_driver	0x79338ea3	sceSysregAtaIoEnable
sceSysreg_driver	0x7a5d2d15	sceSysregPwmIoEnable
sceSysreg_driver	0x7b9e9a53	sceSysreg_driver_7B9E9A53
sceSysreg_driver	0x7bdf0556	sceSysreg_driver_7BDF0556
sceSysreg_driver	0x7c5b543c	sceSysregDisableIntr
sceSysreg_driver	0x7cc6cbfd	sceSysreg_driver_7CC6CBFD
sceSysreg_driver	0x7dca8302	sceSysreg_driver_7DCA8302
sceSysreg_driver	0x7e7ebc20	sceSysregDmacBusClockEnable
sceSysreg_driver	0x7fd7a631	sceSysregUartIoEnable
sceSysreg_driver	0x8075303f	sceSysregAtaResetDisable
sceSysreg_driver	0x826430c0	sceSysregMsifBusClockDisable
sceSysreg_driver	0x82d35024	sceSysreg_driver_82D35024
sceSysreg_driver	0x833e6fb1	sceSysreg_driver_833E6FB1
sceSysreg_driver	0x844af6bd	sceSysreg_driver_844AF6BD
sceSysreg_driver	0x845dd1a6	sceSysregKirkBusClockDisable
sceSysreg_driver	0x8835d1e1	sceSysreg_driver_8835D1E1
sceSysreg_driver	0x8a7f9eb4	sceSysregKirkResetEnable
sceSysreg_driver	0x8b90b8b5	sceSysreg_driver_8B90B8B5
sceSysreg_driver	0x8be2d520	sceSysregSemaUnlock
sceSysreg_driver	0x8c5c53de	sceSysregSpiIoEnable
sceSysreg_driver	0x8d0fed1e	sceSysreg_driver_8D0FED1E
sceSysreg_driver	0x8e2d835d	sceSysreg_driver_8E2D835D
sceSysreg_driver	0x8e2fb536	sceSysregAudioIoDisable
sceSysreg_driver	0x8f4f4e96	sceSysregGetFuseConfig
sceSysreg_driver	0x9100b4e5	sceSysreg_driver_9100B4E5
sceSysreg_driver	0x94b0323c	sceSysreg_driver_94B0323C
sceSysreg_driver	0x9bb70d34	sceSysregAvcResetEnable
sceSysreg_driver	0x9c863542	sceSysregInit
sceSysreg_driver	0x9dd1f821	sceSysregEmcsmIoEnable
sceSysreg_driver	0x9fc87ed4	sceSysregSemaTryLock
sceSysreg_driver	0xa16e55f4	sceSysregSpiIoDisable
sceSysreg_driver	0xa24c242a	sceSysreg_driver_A24C242A
sceSysreg_driver	0xa265c719	sceSysregDmacBusClockDisable
sceSysreg_driver	0xa374195e	sceSysregAwResetDisable
sceSysreg_driver	0xa3c8e075	sceSysregUsbIoDisable
sceSysreg_driver	0xa3e4154c	sceSysreg_driver_A3E4154C
sceSysreg_driver	0xa46e9ca8	sceSysreg_driver_A46E9CA8
sceSysreg_driver	0xa9cd1c1f	sceSysreg_driver_A9CD1C1F
sceSysreg_driver	0xaa63c8bd	sceSysregAudioBusClockEnable
sceSysreg_driver	0xab3185fd	sceSysreg_driver_AB3185FD
sceSysreg_driver	0xad7c4acb	sceSysreg_driver_AD7C4ACB
sceSysreg_driver	0xaf904657	sceSysreg_driver_AF904657
sceSysreg_driver	0xb21b6cbf	sceSysreg_driver_B21B6CBF
sceSysreg_driver	0xb4560c45	sceSysreg_driver_B4560C45
sceSysreg_driver	0xb627582e	sceSysregGpioIoEnable
sceSysreg_driver	0xb6c10df0	sceSysregAtaBusClockDisable
sceSysreg_driver	0xbb26cf1f	sceSysregAudioIoEnable
sceSysreg_driver	0xbb3623df	sceSysreg_driver_BB3623DF
sceSysreg_driver	0xbb823481	sceSysregUartIoDisable
sceSysreg_driver	0xbc68d9b6	sceSysregUsbIoEnable
sceSysreg_driver	0xbf91fbda	sceSysreg_driver_BF91FBDA
sceSysreg_driver	0xbfbabb63	sceSysregUsbBusClockDisable
sceSysreg_driver	0xc1da05d2	sceSysreg_driver_C1DA05D2
sceSysreg_driver	0xc29d614e	sceSysregTopResetEnable
sceSysreg_driver	0xc32f2491	sceSysregKirkResetDisable
sceSysreg_driver	0xcadb92aa	sceSysregAtaIoDisable
sceSysreg_driver	0xcd0f6715	sceSysreg_driver_CD0F6715
sceSysreg_driver	0xcd4fb614	sceSysregUsbResetEnable
sceSysreg_driver	0xd20581ea	sceSysregVmeResetEnable
sceSysreg_driver	0xd43e98f6	sceSysreg_driver_D43E98F6
sceSysreg_driver	0xd6628a48	sceSysreg_driver_D6628A48
sceSysreg_driver	0xd74d3ab6	sceSysreg_driver_D74D3AB6
sceSysreg_driver	0xd74f1d48	sceSysregMsifIoEnable
sceSysreg_driver	0xdc6139a4	sceSysregScResetEnable
sceSysreg_driver	0xdc68a93f	sceSysreg_driver_DC68A93F
sceSysreg_driver	0xdca57573	sceSysreg_driver_DCA57573
sceSysreg_driver	0xde170397	sceSysreg_driver_DE170397
sceSysreg_driver	0xde59dacb	sceSysregMeResetEnable
sceSysreg_driver	0xe1aa9788	sceSysreg_driver_E1AA9788
sceSysreg_driver	0xe2a5d1ee	sceSysregGetTachyonVersion
sceSysreg_driver	0xe3aecffa	sceSysreg_driver_E3AECFFA
sceSysreg_driver	0xe8533dca	sceSysreg_driver_E8533DCA
sceSysreg_driver	0xe88b77ed	sceSysreg_driver_E88B77ED
sceSysreg_driver	0xe89243be	sceSysreg_driver_E89243BE
sceSysreg_driver	0xec4bf81f	sceSysregMsifResetDisable
sceSysreg_driver	0xee6b9411	sceSysreg_driver_EE6B9411
sceSysreg_driver	0xf2deaa14	sceSysregEnd
sceSysreg_driver	0xf4811e00	sceSysreg_driver_F4811E00
sceSysreg_driver	0xf5b80837	sceSysregAtaResetEnable
sceSysreg_driver	0xf6d83ad0	sceSysreg_driver_F6D83AD0
sceSysreg_driver	0xf74f14e9	sceSysregLcdcIoDisable
sceSysreg_driver	0xf844ddf3	sceSysreg_driver_F844DDF3
sceSysreg_driver	0xf97d9d73	sceSysregEmcsmBusClockEnable
sceSysreg_driver	0xfc186a83	sceSysreg_driver_FC186A83
sceSysreg_driver	0xfd6c562b	sceSysregAvcResetDisable
sceUmd	0x041cdf0b	sceUmdSetAssignedFlag
sceUmd	0x075f1e0b	sceUmd_075F1E0B
sceUmd	0x086ddc0d	sceUmd_086DDC0D
sceUmd	0x0fb60aac	sceUmdGetDriveStatus
sceUmd	0x1030d1d4	sceUmdRegisterUMDCallBack
sceUmd	0x144aef36	sceUmdRegisterActivateCallBack
sceUmd	0x166a17cc	sceUmdReplaceProhibit
sceUmd	0x1cebd8f9	sceUmdGetUserEventFlagId
sceUmd	0x230666e3	sceUmdSetDriveStatus
sceUmd	0x27a764a1	sceUmd_27A764A1
sceUmd	0x29e04881	sceUmdSetSuspendResumeMode
sceUmd	0x2d81508d	sceUmd_2D81508D
sceUmd	0x319ed97c	sceUmd_319ED97C
sceUmd	0x340b7686	sceUmdGetDiscInfo
sceUmd	0x3925cbd8	sceUmd_3925CBD8
sceUmd	0x3d0decd5	sceUmd_3D0DECD5
sceUmd	0x46ebb729	sceUmdCheckMedium
sceUmd	0x4832abf3	sceUmd_4832ABF3
sceUmd	0x4a9e5e29	sceUmdWaitDriveStatCB
sceUmd	0x4ba25f4a	sceUmd_4BA25F4A
sceUmd	0x4bfc743b	sceUmdUnRegisterGetUMDInfoCallBack
sceUmd	0x4c952acf	sceUmdSetSuspendResumeMode
sceUmd	0x4f87ad56	sceUmdRegisterGetUMDInfoCallBack
sceUmd	0x5174cdbe	sceUmdWaitDriveStatCB
sceUmd	0x5469dc37	sceUmd_5469DC37
sceUmd	0x56202973	sceUmdWaitDriveStatWithTimer
sceUmd	0x57e406ee	sceUmdRegisterReplaceCallBack
sceUmd	0x626b1cf3	sceUmdGetErrorStatus
sceUmd	0x64fdf83e	sceUmdReplacePermit
sceUmd	0x659587f7	sceUmd_659587F7
sceUmd	0x6a41ed25	sceUmdGetSuspendResumeMode
sceUmd	0x6af9b50a	sceUmd_6AF9B50A
sceUmd	0x6c2f4e69	sceUmd_075F1E0B
sceUmd	0x6ce52e0b	sceUmdRegisterDeactivateCallBack
sceUmd	0x70e69901	sceUmdUnRegisterDeactivateCallBack
sceUmd	0x71f81482	sceUmd_71F81482
sceUmd	0x7850f057	sceUmd_7850F057
sceUmd	0x7c821f7f	sceUmdGetDetectUMDCallBackId
sceUmd	0x7dc8ce8f	sceUmdClearDriveStatus
sceUmd	0x8627b4cb	sceUmd_F8352373
sceUmd	0x87533940	sceUmdReplaceProhibit
sceUmd	0x8ef08fce	sceUmdWaitDriveStat
sceUmd	0x90ebf462	sceUmdGetSuspendResumeMode
sceUmd	0x999b8f89	sceUmdUnRegisterActivateCallBack
sceUmd	0x9b22aed7	sceUmd_9B22AED7
sceUmd	0xab82e180	sceUmdCancelWaitDriveStat
sceUmd	0xae53dc2d	sceUmdClearDriveStatus
sceUmd	0xaee7404d	sceUmdRegisterUMDCallBack
sceUmd	0xb5990c6b	sceUmdWaitDriveStatWithTimer
sceUmd	0xb5c92409	sceUmdSetErrorStatus
sceUmd	0xbbb5f05c	sceUmd_BBB5F05C
sceUmd	0xbd2bde07	sceUmdUnRegisterUMDCallBack
sceUmd	0xc4f96162	sceUmd_4BA25F4A
sceUmd	0xc6183d47	sceUmdActivate
sceUmd	0xcbe9f02a	sceUmdReplacePermit
sceUmd	0xd01b2dc6	sceUmd_D01B2DC6
sceUmd	0xd45d1fe6	sceUmdGetDriveStatus
sceUmd	0xe0cb3442	sceUmdUnRegisterUMDCallBack
sceUmd	0xe6ee2967	sceUmd_659587F7
sceUmd	0xe83742ba	sceUmdDeactivate
sceUmd	0xeb56097e	sceUmd_EB56097E
sceUmd	0xf2d0edfb	sceUmdCheckMedium
sceUmd	0xf35a78ae	sceUmdSetDriveStatus
sceUmd	0xf635c9f7	sceUmd_5469DC37
sceUmd	0xf7146b6c	sceUmdGetAssignedFlag
sceUmd	0xf8352373	sceUmd_F8352373
sceUmd	0xf9a3b9b5	sceUmdGetDiscInfo
sceUmdUser	0x20628e6f	sceUmdGetErrorStat
sceUmdUser	0x340b7686	sceUmdGetDiscInfo
sceUmdUser	0x46ebb729	sceUmdCheckMedium
sceUmdUser	0x4a9e5e29	sceUmdWaitDriveStatCB
sceUmdUser	0x56202973	sceUmdWaitDriveStatWithTimer
sceUmdUser	0x6af9b50a	sceUmdCancelWaitDriveStat
sceUmdUser	0x6b4a146c	sceUmdGetDriveStat
sceUmdUser	0x87533940	sceUmdReplaceProhibit
sceUmdUser	0x8ef08fce	sceUmdWaitDriveStat
sceUmdUser	0xaee7404d	sceUmdRegisterUMDCallBack
sceUmdUser	0xbd2bde07	sceUmdUnRegisterUMDCallBack
sceUmdUser	0xc6183d47	sceUmdActivate
sceUmdUser	0xcbe9f02a	sceUmdReplacePermit
sceUmdUser	0xe83742ba	sceUmdDeactivate
sceUsb	0x112cc951	sceUsbGetDrvState
sceUsb	0x1c360735	sceUsbWaitCancel
sceUsb	0x4e537366	sceUsbGetDrvList
sceUsb	0x586db82c	sceUsbActivate
sceUsb	0x5be0e002	sceUsbWaitState
sceUsb	0xae5de6af	sceUsbStart
sceUsb	0xc21645a4	sceUsbGetState
sceUsb	0xc2464fa0	sceUsbStop
sceUsb	0xc572a9c8	sceUsbDeactivate
sceUsbBus_driver	0x23e51d8f	sceUsbbdReqSend
sceUsbBus_driver	0x913ec15d	sceUsbbdReqRecv
sceUsbBus_driver	0x951a24cc	sceUsbbdClearFIFO
sceUsbBus_driver	0xb1644be7	sceUsbbdRegister
sceUsbBus_driver	0xc1e2a540	sceUsbbdUnregister
sceUsbBus_driver	0xc21645a4	sceUsbGetState
sceUsbBus_driver	0xc5e53685	sceUsbbdReqCancelAll
sceUsbBus_driver	0xcc57ec9d	sceUsbbdReqCancel
sceUsbBus_driver	0xe65441c1	sceUsbbdStall
sceUsbCam	0x03ed7a82	sceUsbCamSetupMic
sceUsbCam	0x08aee98a	sceUsbCamSetMicGain
sceUsbCam	0x09c26c7e	sceUsbCamSetContrast
sceUsbCam	0x0a41a298	sceUsbCamSetupStillEx
sceUsbCam	0x11a1f128	sceUsbCamGetAutoImageReverseState
sceUsbCam	0x17f7b2fb	sceUsbCamSetupVideo
sceUsbCam	0x1a46cfe7	sceUsbCamStillPollInputEnd
sceUsbCam	0x1d686870	sceUsbCamSetEvLevel
sceUsbCam	0x1e958148	sceUsbCam_1E958148
sceUsbCam	0x2bcd50c0	sceUsbCamGetEvLevel
sceUsbCam	0x2e930264	sceUsbCamSetupMicEx
sceUsbCam	0x36636925	sceUsbCamReadMicBlocking
sceUsbCam	0x383e9fa8	sceUsbCamGetSaturation
sceUsbCam	0x3dc0088e	sceUsbCamReadMic
sceUsbCam	0x3f0cf289	sceUsbCamSetupStill
sceUsbCam	0x41e73e95	sceUsbCamPollReadVideoFrameEnd
sceUsbCam	0x41ee8797	sceUsbCamUnregisterLensRotationCallback
sceUsbCam	0x4c34f553	sceUsbCamGetLensDirection
sceUsbCam	0x4f3d84d5	sceUsbCamSetBrightness
sceUsbCam	0x5145868a	sceUsbCamStopMic
sceUsbCam	0x574a8c3f	sceUsbCamStartVideo
sceUsbCam	0x5778b452	sceUsbCamGetMicDataLength
sceUsbCam	0x61be5cac	sceUsbCamStillInputBlocking
sceUsbCam	0x622f83cc	sceUsbCamSetSharpness
sceUsbCam	0x6784e6a8	sceUsbCamSetAntiFlicker
sceUsbCam	0x6cf32cb9	sceUsbCamStopVideo
sceUsbCam	0x6e205974	sceUsbCamSetSaturation
sceUsbCam	0x70f522c5	sceUsbCamGetBrightness
sceUsbCam	0x7563afa1	sceUsbCamStillWaitInputEnd
sceUsbCam	0x7dac0c71	sceUsbCamReadVideoFrameBlocking
sceUsbCam	0x82a64030	sceUsbCamStartMic
sceUsbCam	0x951bedf5	sceUsbCamSetReverseMode
sceUsbCam	0x95f8901e	sceUsbCam_95F8901E
sceUsbCam	0x994471e0	sceUsbCamGetImageEffectMode
sceUsbCam	0x99d86281	sceUsbCamReadVideoFrame
sceUsbCam	0x9e8aaf8d	sceUsbCamGetZoom
sceUsbCam	0xa063a957	sceUsbCamGetContrast
sceUsbCam	0xa720937c	sceUsbCamStillCancelInput
sceUsbCam	0xaa7d94ba	sceUsbCamGetAntiFlicker
sceUsbCam	0xb048a67d	sceUsbCamWaitReadMicEnd
sceUsbCam	0xc484901f	sceUsbCamSetZoom
sceUsbCam	0xc72ed6d3	sceUsbCam_C72ED6D3
sceUsbCam	0xcfe9e999	sceUsbCamSetupVideoEx
sceUsbCam	0xd293a100	sceUsbCamRegisterLensRotationCallback
sceUsbCam	0xd4876173	sceUsbCamSetImageEffectMode
sceUsbCam	0xd5279339	sceUsbCamGetReverseMode
sceUsbCam	0xd865997b	sceUsbCam_D865997B
sceUsbCam	0xdf9d0c92	sceUsbCamGetReadVideoFrameSize
sceUsbCam	0xe5959c36	sceUsbCamStillGetInputLength
sceUsbCam	0xf8847f60	sceUsbCamPollReadMicEnd
sceUsbCam	0xf90b2293	sceUsbCamWaitReadVideoFrameEnd
sceUsbCam	0xf93c4669	sceUsbCamAutoImageReverseSW
sceUsbCam	0xfb0a6c5d	sceUsbCamStillInput
sceUsbCam	0xfdb68c23	sceUsbCamGetSharpness
sceUsb_driver	0x112cc951	sceUsbGetDrvState
sceUsb_driver	0x1c360735	sceUsbWaitCancel
sceUsb_driver	0x4e537366	sceUsbGetDrvList
sceUsb_driver	0x586db82c	sceUsbActivate
sceUsb_driver	0x5be0e002	sceUsbWaitState
sceUsb_driver	0xae5de6af	sceUsbStart
sceUsb_driver	0xc21645a4	sceUsbGetState
sceUsb_driver	0xc2464fa0	sceUsbStop
sceUsb_driver	0xc572a9c8	sceUsbDeactivate
sceUsb_driver	0xe20b23a6	sceUsb_E20B23A6
sceUsbstor	0x60066cfe	sceUsbstorGetStatus
sceUsbstorBoot	0x1f080078	sceUsbstorBootRegisterNotify
sceUsbstorBoot	0x594bbf95	sceUsbstorBootSetLoadAddr
sceUsbstorBoot	0x6d865ecd	sceUsbstorBootGetDataSize
sceUsbstorBoot	0xa1119f0d	sceUsbstorBootSetStatus
sceUsbstorBoot	0xa55c9e16	sceUsbstorBootUnregisterNotify
sceUsbstorBoot	0xe58818a8	sceUsbstorBootSetCapacity
sceUtility	0x05afb9e4	sceUtilityHtmlViewerUpdate
sceUtility	0x0d5bc6d2	sceUtilityLoadUsbModule
sceUtility	0x1579a159	sceUtilityLoadNetModule
sceUtility	0x2995d020	sceUtility_2995D020
sceUtility	0x2a2b3de0	sceUtilityLoadModule
sceUtility	0x2ad8e239	sceUtilityMsgDialogInitStart
sceUtility	0x34b78343	sceUtilityGetSystemParamString
sceUtility	0x3ad50ae7	sceNetplayDialogInitStart
sceUtility	0x3dfaeba9	sceUtilityOskShutdownStart
sceUtility	0x417bed54	sceNetplayDialogUpdate
sceUtility	0x41e30674	sceUtilitySetSystemParamString
sceUtility	0x434d4b3a	sceUtilityGetNetParam
sceUtility	0x45c18506	sceUtilitySetSystemParamInt
sceUtility	0x4928bd96	sceUtilityMsgDialogAbort
sceUtility	0x4b85c861	sceUtilityOskUpdate
sceUtility	0x4db1e739	sceUtilityNetconfInitStart
sceUtility	0x50c4cd57	sceUtilitySavedataInitStart
sceUtility	0x5eee6548	sceUtilityCheckNetParam
sceUtility	0x6332aa39	sceUtilityNetconfGetStatus
sceUtility	0x64d50c56	sceUtilityUnloadNetModule
sceUtility	0x67af3428	sceUtilityMsgDialogShutdownStart
sceUtility	0x7853182d	sceUtilityGameSharingUpdate
sceUtility	0x8874dbe0	sceUtilitySavedataGetStatus
sceUtility	0x88bc7406	sceUtility_88BC7406
sceUtility	0x91e70e35	sceUtilityNetconfUpdate
sceUtility	0x946963f3	sceUtilityGameSharingGetStatus
sceUtility	0x95fc253b	sceUtilityMsgDialogUpdate
sceUtility	0x9790b33c	sceUtilitySavedataShutdownStart
sceUtility	0x9a1c91d7	sceUtilityMsgDialogGetStatus
sceUtility	0xa5da2406	sceUtilityGetSystemParamInt
sceUtility	0xb62a4061	sceUtility_B62A4061
sceUtility	0xb6cee597	sceNetplayDialogGetStatus
sceUtility	0xbc6b6296	sceNetplayDialogShutdownStart
sceUtility	0xbda7d894	sceUtilityHtmlViewerGetStatus
sceUtility	0xc492f751	sceUtilityGameSharingInitStart
sceUtility	0xc629af26	sceUtilityLoadAvModule
sceUtility	0xcdc3aa41	sceUtilityHtmlViewerInitStart
sceUtility	0xd4b95ffb	sceUtilitySavedataUpdate
sceUtility	0xe49bfe92	sceUtilityUnloadModule
sceUtility	0xed0fad38	sceUtility_ED0FAD38
sceUtility	0xefc6f80f	sceUtilityGameSharingShutdownStart
sceUtility	0xf3f76017	sceUtilityOskGetStatus
sceUtility	0xf5ce1134	sceUtilityHtmlViewerShutdownStart
sceUtility	0xf6269b82	sceUtilityOskInitStart
sceUtility	0xf64910f0	sceUtilityUnloadUsbModule
sceUtility	0xf7d8d092	sceUtilityUnloadAvModule
sceUtility	0xf88155f6	sceUtilityNetconfShutdownStart
sceUtility_netparam_internal	0x072debf2	sceUtilityCreateNetParam
sceUtility_netparam_internal	0x9ce50172	sceUtilityDeleteNetParam
sceUtility_netparam_internal	0xfb0c4840	sceUtilityCopyNetParam
sceUtility_netparam_internal	0xfc4516f3	sceUtilitySetNetParam
sceVaudio	0x03b6807d	sceVaudioChReserve
sceVaudio	0x27acc20b	sceVaudioChReserveBuffering
sceVaudio	0x346fbe94	sceVaudioSetEffectType
sceVaudio	0x504e4745	sceVaudio_504E4745
sceVaudio	0x67585dfd	sceVaudioChRelease
sceVaudio	0x8986295e	sceVaudioOutputBlocking
sceVaudio	0xcbd4ac51	sceVaudioSetAlcMode
sceVaudio	0xe8e78dc8	sceVaudio_E8E78DC8
sceVideocodec	0x17099f0a	sceVideocodecInit
sceVideocodec	0x26927d19	sceVideocodecGetVersion
sceVideocodec	0x2d31f5b1	sceVideocodecGetEDRAM
sceVideocodec	0x2f385e7f	sceVideocodecScanHeader
sceVideocodec	0x307e6e1c	sceVideocodecDelete
sceVideocodec	0x4f160bf4	sceVideocodecReleaseEDRAM
sceVideocodec	0x627b7d42	sceVideocodec_627B7D42
sceVideocodec	0x745a7b7a	sceVideocodecSetMemory
sceVideocodec	0xa2f0564e	sceVideocodecStop
sceVideocodec	0xc01ec829	sceVideocodecOpen
sceVideocodec	0xdba273fa	sceVideocodecDecode
sceVshBridge	0x0163a8e7	vshUmdManTerm
sceVshBridge	0x029ef6c9	vshKernelLoadExecVSHMs3
sceVshBridge	0x04310d7c	sceVshBridge_04310D7C
sceVshBridge	0x04aec74c	vshKernelLoadExecVSHDiscDebug
sceVshBridge	0x07ec5661	vshVaudioChRelease
sceVshBridge	0x0d2cead2	sceVshBridge_0D2CEAD2
sceVshBridge	0x0e10922a	vshDisplaySetHoldMode
sceVshBridge	0x0fa48729	vshRtcSetConf
sceVshBridge	0x14877197	sceVshBridge_14877197
sceVshBridge	0x16415246	vshRtcSetCurrentTick
sceVshBridge	0x222a18c4	sceVshBridge_222A18C4
sceVshBridge	0x2380dc08	vshIoDevctl
sceVshBridge	0x274bb6ae	vshVaudioOutputBlocking
sceVshBridge	0x3b3d9f5d	sceVshBridge_3B3D9F5D
sceVshBridge	0x40716012	vshKernelExitVSHVSH
sceVshBridge	0x41c54adf	vshKernelLoadModuleVSHByID
sceVshBridge	0x4a596d2d	vshImposeSetParam
sceVshBridge	0x4db43867	vshIdStorageLookup
sceVshBridge	0x4e4e4da3	vshImposeSetStatus
sceVshBridge	0x4e61c72e	sceVshBridge_4E61C72E
sceVshBridge	0x5350c073	vshMSAudioFormatICV
sceVshBridge	0x53bfd101	vshMSAudioCheckICV
sceVshBridge	0x5894c339	vshImposeChanges
sceVshBridge	0x5bbb35e4	sceVshBridge_5BBB35E4
sceVshBridge	0x5c2983c2	sceVshBridge_5C2983C2
sceVshBridge	0x6396acbd	vshMSAudioGetICVInfo
sceVshBridge	0x639c3cb3	vshImposeGetParam
sceVshBridge	0x68be3316	vshKernelLoadExecBufferVSHUsbWlanDebug
sceVshBridge	0x6caeb765	vshMSAudioAuth
sceVshBridge	0x7a63be73	sceVshBridge_7A63BE73
sceVshBridge	0x7b67394e	vshAudioSetFrequency
sceVshBridge	0x7c1658f2	sceVshBridge_7C1658F2
sceVshBridge	0x7ea32357	vshMSAudioDeauth
sceVshBridge	0x83528906	vshKernelLoadExecBufferVSHUsbWlan
sceVshBridge	0x8399a8aa	vshKernelLoadExecBufferPlain
sceVshBridge	0x88da81a5	vshKernelLoadExecBufferVSHPlain
sceVshBridge	0x8c440581	vshVaudioChReserve
sceVshBridge	0x97fb006f	vshKernelLoadExecVSHMs2
sceVshBridge	0x98b4117e	vshKernelLoadExecBufferPlain0
sceVshBridge	0x9929dda5	vshKernelExitVSH
sceVshBridge	0xa5628f0d	vshKernelLoadModuleVSH
sceVshBridge	0xa7f0e8e0	vshMeRpcUnlock
sceVshBridge	0xb27c593f	sceVshBridge_B27C593F
sceVshBridge	0xb7c46dca	vshKernelLoadExecVSHDiscUpdater
sceVshBridge	0xb7f233a2	sceVshBridge_B7F233A2
sceVshBridge	0xc58d0939	sceVshBridge_C58D0939
sceVshBridge	0xc6395c03	vshCtrlReadBufferPositive
sceVshBridge	0xc949966c	sceVshBridge_C949966C
sceVshBridge	0xc9626587	vshKernelLoadModuleBufferVSH
sceVshBridge	0xca719c34	vshImposeGetStatus
sceVshBridge	0xcbda2613	vshMeRpcLock
sceVshBridge	0xce32cbef	vshMSAudioInit
sceVshBridge	0xd120667d	sceVshBridge_D120667D
sceVshBridge	0xd46d4528	vshMSAudioInvalidateICV
sceVshBridge	0xd907b6aa	sceVshBridge_D907B6AA
sceVshBridge	0xe174218c	sceVshBridge_E174218C
sceVshBridge	0xe2dd0a81	vshMSAudioGetInitialEKB
sceVshBridge	0xe5da5e95	vshMSAudioEnd
sceVshBridge	0xe614f45f	vshKernelLoadExecFromHost
sceVshBridge	0xeefb02bb	vshKernelLoadExec
sceVshBridge	0xf35bfb7d	vshKernelLoadExecVSHMs1
sceVshBridge	0xf4873f4d	sceVshBridge_F4873F4D
sceWlanDrv	0x0c622081	sceWlanGetEtherAddr
sceWlanDrv	0x93440b11	sceWlanDevIsPowerOn
sceWlanDrv	0xd7763699	sceWlanGetSwitchState
sceWlanDrv_lib	0x05fe320c	sceWlanDevGetStateGPIO
sceWlanDrv_lib	0x19e51f54	sceWlanDrv_lib_19E51F54
sceWlanDrv_lib	0x2d0fae4e	sceWlanDrv_lib_2D0FAE4E
sceWlanDrv_lib	0x40b0aa4a	sceWlanDrv_lib_40B0AA4A
sceWlanDrv_lib	0x482cae9a	sceWlanDevAttach
sceWlanDrv_lib	0x4c14baca	sceWlanDrv_lib_4C14BACA
sceWlanDrv_lib	0x4c7f62e0	sceWlanGPUnRegisterCallback
sceWlanDrv_lib	0x56f467ca	sceWlanDrv_lib_56F467CA
sceWlanDrv_lib	0x5baa1fe5	sceWlanDrv_lib_5BAA1FE5
sceWlanDrv_lib	0x5e7c8d94	sceWlanDevIsGameMode
sceWlanDrv_lib	0x5ed4049a	sceWlanGPPrevEstablishActive
sceWlanDrv_lib	0x7ff54bd2	sceWlanDevSetGPIO
sceWlanDrv_lib	0x81579d36	sceWlanDrv_lib_81579D36
sceWlanDrv_lib	0x9658c9f7	sceWlanGPRegisterCallback
sceWlanDrv_lib	0xa447103a	sceWlanGPRecv
sceWlanDrv_lib	0xb4d7cb74	sceWlanGPSend
sceWlanDrv_lib	0xc9a8cab7	sceWlanDevDetach
sceWlanDrv_lib	0xfe8a0b46	sceWlanDrv_lib_FE8A0B46
semaphore	0x00eec06a	sceUtilsBufferCopy
semaphore	0x4c537c72	sceUtilsBufferCopyWithRange
semaphore	0x77e97079	sceUtilsBufferCopyByPollingWithRange
semaphore	0x8eeb7bf2	sceUtilsBufferCopyByPolling
